CustomerID,Name,Phone,Pattern
1,Elizabeth Hamilton,001-541-462-5095x60042,Seasonal
2,Edwin West,+1-639-644-0977x7882,Occasional
3,Donna Jackson,291-716-5506,Bulk
4,Tonya Rivas,+1-799-953-0239x18244,Regular
5,Jennifer Perez,416-599-1961x51868,Occasional
6,Anthony Hodge,639.817.1164,Occasional
7,Rita Garcia PhD,657-972-7733,Regular
8,Timothy Hickman,001-890-419-7211x4735,Regular
9,Devin Carpenter,(857)292-4135x539,Occasional
10,Cheryl Cole,+1-334-873-7228,Occasional
11,Stephanie Coleman,840-629-4841,Bulk
12,Paul Spears,+1-395-792-1664x90293,Regular
13,Phillip Allen,001-879-751-1498,Occasional
14,Shawn Taylor,001-809-453-9641x5363,Occasional
15,Devin Kim,999-885-8748,Seasonal
16,Amanda Smith,(456)617-7975x1011,Regular
17,Christian Robertson,7133219848,Regular
18,Kevin Guzman,579.255.2798x75703,Occasional
19,Barry Hansen,(318)918-1940x077,Occasional
20,Kenneth Smith,771-920-4055x621,Occasional
21,Nicole Williams,+1-213-766-4037x6626,Bulk
22,William Baker,001-998-843-3539x94815,Bulk
23,Janice Mendoza,737-779-4321x62739,Occasional
24,Jonathan Perry,738-608-3493x6705,Regular
25,Megan Mcgrath,001-937-364-5242x1480,Occasional
26,Tammy Rogers,001-851-592-3220,Occasional
27,Jeff Williams,(694)245-6542x64064,Bulk
28,Sarah Wright DVM,+1-976-322-0998,Seasonal
29,Allison Castillo,704.933.4527,Occasional
30,Sabrina Murphy,+1-798-521-6084x5222,Occasional
31,George Jackson,4149216581,Regular
32,Peter Foley,(213)244-4820,Seasonal
33,Cassie Brown,698.359.4444x371,Bulk
34,Angela Johnson,9614864473,Regular
35,Jody Anderson,772.479.8232,Occasional
36,Stephen Kelley,684-256-1874x09076,Occasional
37,Brandy Newton,571-482-2675x77749,Occasional
38,Christopher Reynolds,(241)640-2710x6960,Occasional
39,John Alvarado,(243)894-4049,Occasional
40,Kari Jones,627-637-6631x2624,Regular
41,Brett Reyes,(406)654-3228,Occasional
42,Shawn Young,(227)893-8555x2468,Occasional
43,Tamara Powers,+1-324-955-9028x2228,Seasonal
44,Autumn Harris,433.252.5518x917,Regular
45,Joyce Dennis,(941)302-8918,Occasional
46,Cheryl Delgado,001-784-924-2765x52874,Bulk
47,Michelle Hernandez,(314)621-6646x314,Bulk
48,Patricia Chambers,255.823.1995x952,Regular
49,Anthony Walton,+1-604-927-8439x48435,Occasional
50,Kyle Mullins,(769)463-3064x572,Occasional
51,Julie Williams,+1-798-291-4772x3189,Occasional
52,Michael Richardson,001-403-253-6127x964,Occasional
53,Julia Watts,(460)636-5100x55839,Bulk
54,Michelle Shields,+1-720-865-7078,Occasional
55,Anthony Bray,665.926.2374x62968,Occasional
56,James Richardson,666.925.9621,Occasional
57,Matthew Anderson,(413)414-1715,Regular
58,Charles Ryan,622.353.6470,Seasonal
59,Robert Edwards,502-706-7115x802,Bulk
60,Christopher Walsh,+1-773-681-4476,Occasional
61,Jordan Warner,001-257-350-1526,Seasonal
62,Patrick Perkins,648.685.3506x34033,Regular
63,Frank Jones,5953458174,Regular
64,Carl Vargas,+1-743-591-3188x44531,Regular
65,Betty Smith,818.450.1584,Regular
66,William Soto,(335)278-4494x24254,Seasonal
67,Chelsea Kramer,220-758-6263x67129,Occasional
68,William Martin,8512797355,Regular
69,William Wiley,+1-310-761-2638x137,Bulk
70,Brandon Barnes,001-937-230-0990x003,Regular
71,Rachel Bennett,4534583744,Occasional
72,Joel Cochran,481-454-4795x199,Bulk
73,Peter Neal,842-546-6965x659,Occasional
74,Joseph Rogers,798.784.6927x294,Regular
75,Raymond Sanders,3484237919,Seasonal
76,Michael Ortega,219.782.0581x4679,Regular
77,Danielle Paul,(598)241-9384,Regular
78,Michele Andrade,+1-315-272-2688x284,Regular
79,Danny Hopkins,314-926-3783x9391,Occasional
80,Bradley Mitchell,(517)605-8082x72989,Regular
81,Michael Mooney,+1-634-243-2786x302,Seasonal
82,Heidi Massey,+1-506-326-2853x045,Occasional
83,Rodney Martinez,319.493.3653x642,Occasional
84,William Payne,(822)823-5886,Occasional
85,James Clark,2722666666,Regular
86,Christopher Thompson,6399416476,Occasional
87,James Velez MD,697-359-4760,Seasonal
88,Ryan Smith,2052318121,Bulk
89,Brandon Lopez,224-966-6216,Bulk
90,Peter Carter,695.730.0993,Regular
91,Dillon Rodriguez,(314)705-1612x377,Regular
92,Caitlin Conrad,(497)998-8180x92618,Occasional
93,Holly Gutierrez,461-649-5849,Occasional
94,Katelyn Lyons,001-774-699-2363x302,Bulk
95,David Holland,530-485-7164x48337,Regular
96,Heather James,(319)737-2317x83350,Occasional
97,William Howe,(748)597-1557x31021,Occasional
98,David James,439-913-3035x537,Bulk
99,Angela Garcia,525.441.1402,Seasonal
100,Dr. Krista Grant PhD,512.789.5249x15539,Occasional
101,Jeremy Mcdonald,+1-330-564-3911x608,Bulk
102,Lisa Harris,+1-616-740-8644x1120,Bulk
103,Emily Smith,2368761994,Seasonal
104,Jennifer Rivera,312.902.4070x52108,Bulk
105,Charlotte Wilson,(699)353-9806x7445,Regular
106,Jeremiah Stevens,001-540-459-1018x8636,Seasonal
107,Chelsea Rowland,691-663-6863x67743,Regular
108,Patricia Yang,233.684.1041x9403,Occasional
109,Anita Smith,402-887-9263,Occasional
110,Heather Rice,+1-718-936-2106x92882,Regular
111,Christy Hernandez,+1-605-615-1709x1076,Occasional
112,Travis Miller,827-611-6091x1633,Occasional
113,Rebecca Campbell,7554939556,Regular
114,Valerie Hunt,570-610-2174x7294,Regular
115,Brittany Evans,282-557-0910x6556,Occasional
116,Larry Eaton,001-915-857-0746x448,Occasional
117,Alicia Martin,843.506.7972x9566,Occasional
118,Erin Chavez,(857)918-1741,Regular
119,Mary Everett,(893)734-9675,Occasional
120,Maria Mitchell,847-401-8053x61317,Occasional
121,Elizabeth Mills,514.380.5287x31410,Occasional
122,Marissa George,+1-826-954-0335,Occasional
123,Samantha Smith,(543)888-8724x3072,Bulk
124,Natalie Green,550.689.1473x303,Bulk
125,Dennis Dixon,001-411-810-6068x1490,Occasional
126,Christine Dougherty,440-455-4873,Seasonal
127,Lisa Clark,815.694.0941,Occasional
128,Zachary Morrison Jr.,001-560-444-9625x254,Occasional
129,Tyler Fisher,557-851-7672x4315,Regular
130,Ruben Simpson,6589930581,Regular
131,Susan Ortiz,672-274-4237x3168,Occasional
132,Carrie Cantu,247.546.4994,Occasional
133,Robert Weber,8679244417,Occasional
134,Cassandra Ward,(274)647-2234,Seasonal
135,Jeffrey Miller,(512)375-4905,Occasional
136,Brian Evans,+1-549-639-6792x74181,Bulk
137,Brian Moses,734-329-8413x303,Occasional
138,Jennifer Gonzales,291-866-1513,Occasional
139,Jeffrey Stout,209-852-5379x0082,Occasional
140,Lindsay Moon,+1-900-829-2408,Occasional
141,Rhonda Smith,311-288-4483x7553,Seasonal
142,Andrew Hayes,761-950-4631,Regular
143,Christopher Gonzalez,001-725-371-3587x4458,Occasional
144,Christian Johnson,001-744-522-5962,Regular
145,Alyssa Jones,+1-654-232-8854x31015,Occasional
146,Maria Cruz,(330)979-5125x702,Occasional
147,Mark Quinn,(721)353-3127,Regular
148,Amber Mueller,+1-368-737-2357x23872,Occasional
149,Billy Raymond,(779)484-6505x875,Seasonal
150,Jeffrey Franklin,001-596-361-0682x5504,Regular
151,Richard King,2095250896,Occasional
152,Jessica Johnson,404-282-2692,Occasional
153,Leslie Harris,(660)485-7458,Regular
154,Marc Anderson,(378)998-8588,Regular
155,Diana Fernandez,(532)924-2172x512,Bulk
156,Kevin Rogers,6897509756,Occasional
157,Luke Watts,632.624.4168x3375,Occasional
158,Terri Harris,001-995-917-9522,Bulk
159,John Wallace,233-769-4881x209,Bulk
160,Jessica Miller,999-584-7641,Occasional
161,Tammy Ho,+1-381-439-8316,Occasional
162,Bryce Ramos,+1-680-763-6773x99717,Bulk
163,Michelle Reid,(557)390-8711,Bulk
164,Joseph Jackson,+1-370-721-3807x89775,Seasonal
165,Curtis Garcia,791-761-8604x235,Regular
166,Michael Nelson,520.403.1437x3017,Regular
167,Annette Estrada,7839681956,Bulk
168,Diamond Warren,001-629-419-2413,Regular
169,Scott Mays,7343877398,Regular
170,Mary Gomez,926.891.4444,Bulk
171,Natalie Conway,7813184283,Occasional
172,Sandra Knox,506.477.3796x45000,Seasonal
173,James Williams PhD,001-969-844-8633x178,Regular
174,Michael Foster,999-927-3846x266,Occasional
175,Brenda Brown,+1-238-862-8950x67249,Regular
176,Margaret Peterson,723.684.4557,Regular
177,Dennis Russo,(894)783-8422,Bulk
178,Adam Ramirez,+1-453-865-8788x257,Occasional
179,Kimberly Flynn,708-607-6854x651,Bulk
180,Carl Mack,+1-988-624-5549x7657,Regular
181,Christopher Santos,(685)528-9115x386,Occasional
182,Ashley Riley,001-370-340-7680,Regular
183,George Ford,235-649-2280x03825,Occasional
184,Christopher Davis,001-952-403-3603x2405,Bulk
185,Ronald Edwards,(208)281-5338x1383,Seasonal
186,James Bartlett,2338246911,Regular
187,Jeremy Davies,001-685-314-3005x5307,Occasional
188,William Myers,795.400.4810,Regular
189,Kim Zavala,359-281-3890x596,Bulk
190,Stephanie Carr,(903)664-5776,Regular
191,Steven Guzman,(971)391-6256,Occasional
192,Katie Conner,572.589.7619,Bulk
193,Brian Flores,+1-841-597-8768,Regular
194,Alicia Johnson,321-747-3037x992,Occasional
195,Jesse Phelps,+1-407-560-6943,Bulk
196,Brian Martinez,340.933.4358x7435,Regular
197,Crystal Richardson,653-861-6855x96864,Regular
198,Joshua Christensen,993-780-9454x14493,Regular
199,Nathan Garcia,001-258-763-1334x315,Regular
200,Christopher Cooper,678.812.9788,Occasional
201,Aimee Chaney,980-428-2581x203,Regular
202,Jeffrey Wilson,3333435492,Regular
203,Dr. Vanessa Miller,(602)434-9121,Regular
204,James Davis,9408417150,Occasional
205,Richard Torres,717-657-6222x8285,Bulk
206,Kristen Stephenson,001-877-422-2046x1667,Seasonal
207,Adrian Elliott,001-708-970-1447x354,Regular
208,Kelly Ortiz,4015193862,Occasional
209,Katherine Strong,(411)829-3014x0721,Occasional
210,Jonathan Nash,001-631-695-5766x430,Occasional
211,Patty Ward,(695)501-1331,Bulk
212,Grace Lewis,+1-247-510-6128x006,Regular
213,Megan Smith,747-943-5267,Bulk
214,Juan Spencer,299.391.9705x3607,Occasional
215,Angela Schneider,(659)517-6676x97535,Bulk
216,Edward Klein,001-736-787-7102,Seasonal
217,Lorraine Clark,001-743-941-5163x58351,Occasional
218,Jose Rosario,254-579-2623,Occasional
219,Gail Kelly,+1-906-537-1877x8003,Occasional
220,Lisa Wright,992-421-9884,Occasional
221,William Bailey,816.465.7405x96172,Occasional
222,Meghan Johnson,(658)690-2049,Regular
223,Christopher Graham,260.810.0850x72924,Bulk
224,Jonathan Lee,965.748.1813,Occasional
225,William Key,933.606.9712,Bulk
226,Shelly Flores,334.358.9408x819,Occasional
227,Thomas Barber,(282)816-6642x289,Occasional
228,Maria Jimenez,+1-964-337-3477x8722,Occasional
229,Joanna Edwards,705.443.1075,Regular
230,Chloe Cain,7005246879,Regular
231,Eric Brown,797.279.3574,Regular
232,Kyle Collins,(793)256-0418x986,Bulk
233,Robert Wallace,896.874.5203x5839,Regular
234,Andrea Rivers,203.676.6556,Occasional
235,Christopher May,847.571.0304,Bulk
236,Kendra Kennedy,+1-753-865-7817x41562,Occasional
237,Anita Morgan,+1-982-394-0540,Bulk
238,Lawrence Adams,876.600.8956x03916,Regular
239,Timothy Archer,499.557.5055x895,Occasional
240,Patricia Mccormick,+1-326-443-7255,Bulk
241,Brett Young,(896)425-5131x77028,Occasional
242,Cynthia Adams,(492)492-3049,Regular
243,Teresa White,305.575.5311x0732,Regular
244,Donna Hayden,001-298-558-3448,Occasional
245,Caleb Obrien,980.695.4693x336,Regular
246,Natalie Robles,899-387-9570,Bulk
247,Laura Mills,875-752-6495,Bulk
248,Jeffrey Carter,232-539-2284,Bulk
249,Emily Diaz,001-817-980-1135,Bulk
250,Cheryl Stanley,8856299908,Regular
251,Nicholas Wong,503.584.4599,Seasonal
252,Janet Turner,931.482.1761,Bulk
253,Patricia Carroll,457-592-9652,Regular
254,Adam Gilbert,+1-595-904-8336,Regular
255,Kenneth Hamilton,001-321-775-4567x6700,Regular
256,Laura Sanchez,+1-423-438-8385x123,Regular
257,Patrick Pugh,934.910.2192x879,Bulk
258,Timothy Lewis,001-672-550-3483,Seasonal
259,Sherry Gardner DDS,251-849-1663,Seasonal
260,James Lopez,269.390.2318,Regular
261,David Gordon,(984)324-9174x28134,Occasional
262,Lindsey Blake,001-299-346-1948x15224,Occasional
263,Dana Phillips,486-687-7965,Seasonal
264,Christian Smith,435.610.0030,Regular
265,Jamie Davis MD,986-974-5591x979,Occasional
266,Kathy Anderson,001-697-998-1053,Bulk
267,Jeffrey Forbes,494-781-3801,Occasional
268,George Hess,7792830063,Regular
269,William Ward,(280)578-4169x4632,Bulk
270,Martha Romero,688.471.7114x29604,Occasional
271,Jordan King,381.287.4692x84105,Occasional
272,Andrew Reed,(615)462-8040,Occasional
273,Christopher Mack,+1-261-722-4966,Bulk
274,Kathleen Rangel PhD,(317)350-2246x960,Occasional
275,Stephanie Campbell,+1-526-390-7270x746,Regular
276,Christina Graham,879.966.8674,Seasonal
277,James Raymond,263.585.4314x1180,Bulk
278,Maria Kelley,8052579718,Bulk
279,Christina Becker,401.347.3989x105,Regular
280,Crystal Martinez,001-564-371-1309x519,Regular
281,Crystal Kirby,001-462-685-7222,Seasonal
282,Ashley Oconnor,001-219-884-2828,Regular
283,Virginia Morales,(361)317-0569,Bulk
284,Zachary Blevins,+1-886-931-3849x9746,Occasional
285,Brandon Little,571-448-8524,Regular
286,Jennifer Moore MD,(503)528-2161x155,Occasional
287,Angel Allen,269.779.2802,Bulk
288,Terry Ayala,641-547-5060,Bulk
289,Sandra Dillon,001-853-948-1232x15480,Seasonal
290,Tiffany Osborn,(324)870-1574,Regular
291,Caleb Wilson,661.273.5973x366,Bulk
292,Jeremy Norton,(325)619-0010x0603,Regular
293,Kristina Lawson,7394556284,Occasional
294,Jacob Abbott,(448)320-5484x0681,Occasional
295,Joshua Johnson,(648)532-4990,Bulk
296,Kathryn Phelps,+1-676-739-1260,Seasonal
297,Lisa Parker,623.834.4666x8242,Regular
298,Kristopher Bennett,+1-732-279-6967x3380,Occasional
299,Barbara Ibarra,001-892-973-3923x69499,Occasional
300,Glen Lucas,+1-921-242-5442x2846,Regular
301,Brent Harris,+1-362-288-9900x790,Bulk
302,Christine Rice,(572)856-4576x534,Bulk
303,Mary Davenport,287.842.3171,Regular
304,Michelle Turner,915.722.4898,Occasional
305,Connie Hartman,(484)317-4034x341,Occasional
306,Laura Evans,+1-788-277-2383x6797,Occasional
307,Christopher Howell,001-755-520-9923,Seasonal
308,Scott Hunt,658.529.0800,Bulk
309,Dwayne Gibson,+1-217-488-8844x1402,Occasional
310,Kelly Matthews,001-565-344-6915x5143,Regular
311,Corey Pierce,+1-675-659-5093,Regular
312,Brian White,(513)415-2293,Regular
313,Kevin Mejia,(699)694-7998,Occasional
314,Jillian Nguyen,(508)912-9436,Occasional
315,Brandon Smith,(955)685-0189x57685,Occasional
316,John Clarke,(902)585-0123x42563,Bulk
317,Kyle Murray,+1-839-249-2953x33046,Bulk
318,Kimberly Owens,(640)876-9513x931,Regular
319,Christopher Palmer,787.246.6809x537,Occasional
320,Curtis Lin,(327)534-3060x251,Bulk
321,Jessica Keller,001-744-535-1055x824,Occasional
322,Brittney Lane,001-297-294-4503x0633,Regular
323,Michael Jackson,001-678-275-2561,Occasional
324,Isaac Li,001-301-654-6849x80641,Bulk
325,Valerie Ward,(612)675-6356x81550,Occasional
326,Lauren Phillips,814-723-8862x02934,Bulk
327,Kristina Duran,001-938-850-2943x952,Regular
328,Allen Ortiz,646.872.8694,Occasional
329,Deborah Mills,911-861-7743x30224,Occasional
330,Valerie Brock,(701)521-8513,Occasional
331,Jackson Hobbs,(782)485-0329x55596,Regular
332,Crystal Bean,(244)699-6091x27974,Bulk
333,Tracy Robinson,+1-629-679-3350x995,Occasional
334,Sheri James,510-758-3435,Regular
335,Bobby Santana,4575807831,Occasional
336,Ryan Henson,001-517-900-7837x8693,Occasional
337,Michael Sparks,3672648179,Regular
338,Kevin Huerta,001-382-950-3521,Occasional
339,Laurie Becker,001-274-294-9729,Regular
340,Sherri Blankenship,001-641-494-0706x124,Regular
341,Sabrina Hodge,5635619726,Occasional
342,Crystal Williams,215.731.5845x78589,Occasional
343,Danielle Gonzalez,001-745-253-9899,Bulk
344,Michael Clark PhD,(340)205-5777x7226,Occasional
345,James Brown,001-635-852-8271,Occasional
346,Christopher Harmon,+1-872-328-2648x5231,Occasional
347,Norma Ferguson,928.866.2916x9304,Occasional
348,Donald Shaw,966-572-5703x798,Occasional
349,Bradley Duncan,+1-262-902-0374,Occasional
350,Robert Jones II,848.259.0635x38046,Occasional
351,Nancy Collins,+1-990-564-7887x5842,Occasional
352,Diane Randolph,+1-743-292-4062x7321,Bulk
353,Samuel Gutierrez,602-755-6128,Bulk
354,Terry Roberson,001-579-590-5134x24597,Occasional
355,Gregory Rojas,881-420-1774,Occasional
356,Glenn Guerra,9195818557,Occasional
357,Lisa Martin,(757)607-1461x43888,Occasional
358,Jasmine Castillo,(971)758-0366,Occasional
359,Bradley Moran,001-248-305-6794x101,Regular
360,Ms. Jacqueline Norman,(445)265-7704x86070,Occasional
361,Sarah Gomez,331.723.6269,Seasonal
362,Savannah Levy,9932001822,Occasional
363,Dr. Aaron Duncan,933.731.0784,Occasional
364,Matthew Hunt,860.973.1629x860,Occasional
365,Ruben Johnson,(967)558-1997x5613,Seasonal
366,Brittany Zavala,001-434-860-2661x83960,Bulk
367,Linda Jacobs,001-415-226-6532x6804,Occasional
368,Elaine Wright,8572469305,Regular
369,Amy Mitchell,001-566-664-7982x28230,Occasional
370,Tamara Murillo,001-602-589-8209x618,Regular
371,Hailey Davis,589.601.7779x236,Seasonal
372,Leslie Robinson,5848452925,Occasional
373,Russell Martin,+1-503-454-5904,Seasonal
374,Jared Rivera,899-279-7610,Regular
375,John Massey,(956)808-2952,Occasional
376,Kathleen Ford,001-239-689-5759x83300,Occasional
377,Katie Torres,001-459-249-0804x86698,Occasional
378,John Morales,001-833-252-3361x97776,Regular
379,Chris Fields,001-734-288-2067x448,Regular
380,Angela Kemp,8707981556,Bulk
381,Michael Burnett,001-815-597-1684x468,Regular
382,Shawn Roy,690-250-3270x8304,Bulk
383,Kevin Stephens,398-947-4590,Regular
384,Joshua Fitzgerald,584.605.9007x647,Regular
385,Linda English,(473)568-4773x855,Regular
386,Theresa Adams,(996)863-7097,Regular
387,Jean Trujillo,246.437.1769,Occasional
388,Bailey Stokes,343-750-9053,Bulk
389,Daniel Foster,(628)523-5819,Occasional
390,Sheila Hernandez,637.229.9057x8864,Occasional
391,Katie Lewis,858.850.3063,Seasonal
392,Brent Trujillo,+1-565-539-1067x26974,Occasional
393,Carrie Smith,001-298-716-5446x37804,Occasional
394,Timothy Bishop,(745)418-5026x4239,Occasional
395,Brian Young,254-469-3996x050,Occasional
396,Brandi Barnes,400-883-0367,Bulk
397,Laura Gomez,675-673-2618x6376,Occasional
398,Steven Brown,877-695-3874,Occasional
399,Elizabeth Vaughn,+1-740-229-7068,Regular
400,Patricia Yang,2607444820,Occasional
401,Steven Silva,3414993207,Occasional
402,Robert Cole,(646)232-5276x3750,Bulk
403,Brenda Reyes,4206169904,Occasional
404,Chris Zuniga,001-534-732-3518x997,Occasional
405,Lori Evans,369-985-2617x875,Bulk
406,Stephanie Wilson,+1-838-274-8706x8208,Bulk
407,Jennifer Ramirez,001-460-822-5170x3644,Occasional
408,Kenneth Aguilar,954-816-8163,Occasional
409,Gabrielle Sanchez,993-715-2053x0111,Occasional
410,Michelle Lewis,793.813.5108x868,Bulk
411,Adam Phillips,(725)502-0536,Seasonal
412,Sheri Bell,(348)691-4949x34812,Occasional
413,Eric Morrison,(819)991-7673x87700,Bulk
414,Rodney Rodriguez,8869085098,Regular
415,Douglas Johnson,9986506923,Occasional
416,Charles Brown,600-712-5579x38564,Regular
417,Ethan Hudson,301.664.7984,Bulk
418,Kimberly Lewis,001-255-964-5629x27057,Occasional
419,Ms. Cindy Mathews MD,5369229092,Occasional
420,Julie Cisneros,350.872.7595x3577,Seasonal
421,Deborah Snyder,001-362-758-9604x05636,Seasonal
422,Douglas Contreras,+1-630-348-5424x97403,Occasional
423,Cory Jackson,+1-559-926-9642,Occasional
424,Alex Foster,984.462.8309x1004,Occasional
425,Matthew Hernandez,296.592.7143,Bulk
426,Laura Edwards,+1-935-583-6765,Seasonal
427,Susan Bell,350.983.5442x463,Occasional
428,Kayla Duarte,(763)821-4107x310,Occasional
429,Eric Allison,(768)467-9013,Regular
430,Margaret Walker,3716237501,Bulk
431,Darryl Day,+1-213-717-6539x3208,Bulk
432,Shawn Black,617.472.8160x39062,Regular
433,Carlos Andrews,(798)819-7056,Occasional
434,Kelly Nguyen,+1-204-668-6016,Occasional
435,Diana Barton,884-944-9602x60912,Regular
436,Dylan Osborne,474-584-4922x607,Regular
437,Pedro Greene,780-878-7889,Bulk
438,Emily Cox,725-743-8921x54425,Occasional
439,Cheryl Tate,680.353.7615x908,Occasional
440,Jonathan Allison,479.903.9112,Bulk
441,Ellen Cortez,316.262.7158x781,Regular
442,Joshua Osborne,799.227.1225x138,Occasional
443,Christopher Hodges,6527436294,Bulk
444,Gregory Garrett,636.675.1698x0196,Regular
445,Virginia Cox,755-402-9957x75523,Occasional
446,Barbara Watts,001-596-748-8412x6944,Seasonal
447,Sarah Johnson,625-965-5422,Bulk
448,Christina Reyes,+1-921-728-0555x335,Regular
449,Jesus Wilson,882.984.0719x060,Bulk
450,Jeremy Meyer,6925130527,Regular
451,Jose Deleon III,239.686.4729x956,Occasional
452,Emily Richardson,(294)984-1361x756,Occasional
453,Kimberly Barrera,001-723-939-8851x11581,Occasional
454,Paul Valdez,462-895-9898x58775,Occasional
455,Stephanie Kemp,584.251.4499,Occasional
456,Mr. Christian Hall,884-794-6375,Regular
457,Dr. Michael Heath,633-888-4185,Occasional
458,Eric Gill,423-306-8686,Occasional
459,George Herrera,788-436-7811x7976,Seasonal
460,Steve Rosario,+1-502-683-5232x90803,Occasional
461,Timothy Baker,529.479.2149x183,Regular
462,Eric Richards,2594784419,Regular
463,Alan Mccoy,968.505.5025,Bulk
464,Larry Martinez,(916)247-9103x08291,Bulk
465,Anthony Fisher,001-248-451-9099x5235,Bulk
466,Tammy Collier,(484)914-8369x01010,Seasonal
467,Victoria Collier,581.486.7344x672,Regular
468,Colleen Watts,(997)306-5962x575,Occasional
469,Duane Brewer,732-222-4915x47673,Occasional
470,Matthew Chavez,+1-692-950-2168x9667,Occasional
471,Steven Fox,7132245824,Occasional
472,Amanda Combs,+1-656-717-6728,Regular
473,Michael Patel,704-253-0035x43053,Regular
474,Patrick Hall,675.899.7885,Bulk
475,Nicholas Figueroa,+1-248-725-3425x825,Occasional
476,William Stevens,001-335-211-4260x7445,Seasonal
477,Brooke Russell,814-522-1458x26393,Bulk
478,Beverly Williams,718-529-6644,Occasional
479,Katelyn Shelton,510-947-0694x761,Occasional
480,Sheila Walker,721.746.2069x1457,Regular
481,Katie Cantrell,+1-498-486-3462x6936,Occasional
482,Michael Hill,+1-238-273-4756x756,Occasional
483,Deborah Frazier,618.389.7884x33477,Occasional
484,Kimberly Simpson,565.510.1638x6810,Regular
485,Monica Ross,001-772-885-4161x172,Occasional
486,Joshua Calderon,326-529-8081,Occasional
487,Paul Walsh,001-925-706-9464x5076,Regular
488,Regina Morris,306.960.8639,Regular
489,Ashlee Randall,707-777-8430,Bulk
490,Sarah Farmer,651-637-3735,Occasional
491,Joyce Jones,+1-375-290-8771,Occasional
492,Patrick Johnson,5798109675,Occasional
493,Terry Bass,2334773631,Regular
494,Rebecca Garcia,(760)496-1903x418,Bulk
495,Sydney Wright,(953)208-0210,Bulk
496,Matthew Price,361.547.0148x595,Bulk
497,Andrew Wilson,001-863-645-7660x032,Occasional
498,Michelle Wright,453-394-2486x456,Occasional
499,Christian Wilson,566.916.8732x1186,Regular
500,Kimberly Riley,001-239-221-1888x227,Occasional
501,Robert Williams,833.287.1635,Occasional
502,Nicole Tate,(470)440-8900,Regular
503,Bryan Goodman,370-817-8215x428,Bulk
504,Michelle Torres,745-930-0025x70160,Occasional
505,Frank Wagner,227.642.8817,Occasional
506,Douglas Campos,(456)296-8992x17261,Occasional
507,Bethany Sanchez,847-664-0304,Occasional
508,Richard Peterson,992-351-7884x953,Seasonal
509,Shannon Jackson,001-823-236-8074x17636,Occasional
510,Brittany Ho,919-860-5123x3011,Occasional
511,Jesse Lopez,2078575837,Regular
512,Shannon Sanders,+1-652-833-2358,Regular
513,Julie Allen,712-778-4575x52474,Regular
514,Gregory Hancock,378.709.8099x47043,Occasional
515,Michael Diaz,001-534-472-1376x086,Seasonal
516,Linda Pratt,(253)706-6871,Bulk
517,Joel Hale,+1-335-416-9516x72362,Seasonal
518,Alicia Glenn,693-994-7184x29878,Regular
519,Traci Lopez MD,756-418-5556,Occasional
520,Tracey Roberts,(470)718-5781x3653,Occasional
521,Raven Smith,+1-963-560-7539x071,Regular
522,Michael Dunlap,959-423-8136,Occasional
523,Edward Davis,001-223-804-7633,Regular
524,Madeline Cruz,2182934571,Bulk
525,Nicholas Ponce,+1-927-575-8578,Occasional
526,Christine Lee,(685)315-7094x335,Regular
527,Christy Carrillo,(680)477-7185x548,Regular
528,Johnny Johnson,846-794-1815,Occasional
529,William Schmidt,257-575-8951,Regular
530,Christopher Singh PhD,556-647-1706x41763,Occasional
531,Joshua Baker,001-439-865-5460x902,Regular
532,Angela Mack,321-219-3490x498,Occasional
533,Darren Higgins,682-469-0370x817,Regular
534,Heather Bradley,847.701.4080x95426,Occasional
535,Chase Cruz,249.304.8974x204,Occasional
536,Deborah Aguilar,(930)456-1981x25025,Bulk
537,John Dennis,001-245-242-1752,Seasonal
538,Dwayne Lewis,001-491-611-8533x5452,Occasional
539,Jeffrey Nelson,7187088295,Occasional
540,Shelly Soto,605-481-9655x98301,Regular
541,Bryan Miller,6355509504,Bulk
542,Laura Shepherd,001-799-949-5245,Bulk
543,Stephanie Aguirre,573-301-1227,Occasional
544,Kathleen Hernandez,7179995408,Regular
545,Brittany Mendez,001-634-667-1167x308,Occasional
546,Lee Duncan,+1-808-218-3563x704,Regular
547,Richard Yates,336.773.4242x875,Occasional
548,Nicole Brown,001-229-521-1959,Occasional
549,Austin Gonzalez,445-788-0623x564,Occasional
550,James Barber,665-581-8675x3911,Regular
551,Tracy Cruz,001-667-510-5074x857,Bulk
552,Jerry Wright,5295337759,Occasional
553,Megan Sellers,+1-617-847-9045x329,Regular
554,Michael Dickson,+1-787-414-7231,Bulk
555,Diamond Levy PhD,(966)860-0720,Occasional
556,Jeffrey Harris,(883)957-1451x58059,Seasonal
557,Jacob Pearson,+1-998-652-7650,Occasional
558,Stephanie Bush,+1-970-302-0228x71687,Occasional
559,Heather Carter,001-680-692-6563x183,Regular
560,Wanda Maldonado,(200)526-0767,Regular
561,David Daniels,485.860.6264,Regular
562,Anne Martin,+1-781-437-0257x954,Regular
563,Stephanie Jordan,7616540905,Seasonal
564,Danielle Hale,461-501-1459x51178,Regular
565,Pamela Sanchez,582.734.7076,Occasional
566,Shane Bell,(373)480-1776x14420,Seasonal
567,Jason Brown,476.903.7294,Bulk
568,Elizabeth Allen,264-652-3339,Occasional
569,Kelly Orozco,546-848-1233x9906,Occasional
570,Hannah Coleman,+1-349-511-4603,Regular
571,Megan Johnson,(281)693-4592,Occasional
572,Laura Gomez,001-472-371-6443x092,Bulk
573,Monica Brown,5017919639,Regular
574,John Freeman,+1-888-300-2342x70393,Bulk
575,Michelle Turner,+1-615-290-1392x39652,Occasional
576,Aaron Bowen,909-997-0623x79180,Occasional
577,George Young,938-627-3132x8505,Seasonal
578,Douglas Jenkins,001-822-308-5005,Bulk
579,William Hughes,975-937-9908x9660,Occasional
580,Michael Martin,001-430-889-3931,Occasional
581,Andrew Hood,596.417.3845x958,Occasional
582,Jennifer Hernandez,+1-586-931-9206x4072,Regular
583,Christopher Dean,236.383.0254,Regular
584,Harold Nelson,696.619.8407x142,Regular
585,Kelsey Gregory,907.357.2247,Seasonal
586,Nathan Stewart,854-732-8668,Occasional
587,Carlos Carroll,966-960-2063,Occasional
588,Christina Goodwin,+1-688-430-3322x40227,Occasional
589,Michael Odom,001-694-535-4993x684,Regular
590,Barbara Barnes,540.483.1258x64598,Occasional
591,Diana York,001-719-843-7040x55235,Bulk
592,Sonya Butler,642-735-5947,Occasional
593,Anthony Martin,339-697-2376x404,Occasional
594,Janet Williams,+1-799-323-0248x197,Bulk
595,Gabriel Charles,290-567-0240,Occasional
596,Dawn Warner,685-333-8553x638,Occasional
597,Emily Horton,880-801-7582x355,Regular
598,Amanda Hobbs,(712)690-8438,Regular
599,Michael Simmons,632.875.7117x631,Regular
600,Amanda Hamilton,(348)339-4221,Regular
601,Jillian Harris,+1-474-477-5071x06312,Regular
602,Gregory Coleman,632.929.8311x23942,Occasional
603,Marcus Watts,904.339.2199x823,Regular
604,Brenda Ward,258.550.8901x12998,Bulk
605,Eric Garcia,(611)331-7969x492,Bulk
606,Juan Sutton,7825570982,Seasonal
607,Walter Chavez,587.762.9057,Occasional
608,Kim Paul,359.455.3188x062,Occasional
609,Jennifer Walter,001-567-804-5670,Regular
610,Brian Burke,+1-973-223-0359x2621,Regular
611,Kyle Townsend,001-383-574-2000x193,Bulk
612,Maria Clark,+1-877-270-8415x190,Occasional
613,Sergio Sandoval,001-598-333-7472,Occasional
614,Bernard Lyons,465.326.2938x57220,Occasional
615,Carrie Miller,357-205-4663,Bulk
616,Sabrina Rodriguez,001-616-999-2559,Bulk
617,Rachel Guzman,+1-240-241-5299x227,Seasonal
618,Robert Olson,895.899.7724x211,Occasional
619,Kathryn Wright,274.668.6199,Bulk
620,Gary Petty,001-362-448-9617x492,Occasional
621,John Wright,7966786562,Regular
622,Randall Rodriguez,(744)529-3940,Bulk
623,Jennifer Smith,5693071270,Occasional
624,Emma Espinoza,001-966-270-3810x4405,Regular
625,Judy Morse,+1-277-574-9541x320,Regular
626,Sandra Miller,734.967.0276,Regular
627,Miss Angela White,341-337-1360,Occasional
628,Daniel Soto,001-588-513-0392x3099,Occasional
629,Erika Rojas,249-815-3499x5138,Regular
630,Jeffrey Brown,001-847-991-6660x5188,Regular
631,Kent Chavez,001-515-417-8064,Seasonal
632,Courtney Davis,681-808-1010x3770,Seasonal
633,Randy Thomas,001-377-244-6670x422,Occasional
634,Jessica Foster,+1-748-267-0325x0848,Occasional
635,Mark Stone,(702)411-4785x315,Regular
636,David Butler,+1-986-500-0208,Occasional
637,Matthew Curtis,835-678-4757x8769,Bulk
638,Erin Gray,001-200-551-5990x0950,Occasional
639,Patrick Hayes,629.616.1877,Occasional
640,Heather Becker,001-932-893-1860,Occasional
641,Evan Garcia,+1-331-761-3034x97491,Occasional
642,Kayla Smith,(221)654-1959x13876,Bulk
643,Anna Payne,001-807-337-0080x579,Bulk
644,Katherine Macdonald,658.275.6967x16869,Occasional
645,Catherine Roy,(829)295-2655,Regular
646,Paul Henry,922-245-0329x5022,Bulk
647,Kimberly Alexander,(740)477-8026x4948,Regular
648,Erica Caldwell,786-732-8960x10358,Seasonal
649,Dana Murray,+1-889-734-5839,Bulk
650,Tony Rivera,001-909-970-7075,Occasional
651,Christina Thomas,(636)952-1566x42452,Occasional
652,Linda Perez,(419)522-4222x12786,Occasional
653,Linda Taylor,756-327-3231,Occasional
654,Kenneth Cooley,001-871-252-8537x24733,Occasional
655,Cassandra Smith,001-762-772-6544x4026,Bulk
656,David Washington,+1-475-664-2149,Bulk
657,Thomas Lewis,773.691.6332x53182,Seasonal
658,Amanda Schwartz,001-750-718-5923,Occasional
659,Kathryn Pennington,548-641-9703x2184,Bulk
660,Jeffrey Gibson,322.443.3934,Occasional
661,Melissa Ford,(823)956-2109,Occasional
662,Adam Willis,(416)578-6958x06439,Regular
663,Elaine Smith,(863)400-7444,Occasional
664,Leroy Powell,(391)264-0425,Regular
665,Albert Tanner,321.890.7398,Occasional
666,Daniel Ellison,694.215.1914x273,Occasional
667,Brooke Barnes,6174118012,Occasional
668,Mark Miller,243-586-3745x810,Occasional
669,Darren Rodriguez,281-639-6129,Regular
670,Sherri Bryant,827.656.9698x302,Regular
671,Jennifer Bailey,+1-937-604-9878x0955,Bulk
672,Mary Phillips,366-275-7246x288,Occasional
673,Carol Mitchell,+1-595-906-1523x2596,Occasional
674,Ross Garcia,001-651-317-6567x1993,Occasional
675,Michelle Berry,(227)372-2570x14112,Occasional
676,Debra Reynolds,+1-336-389-9818x237,Occasional
677,Jessica Taylor,8673042563,Occasional
678,Bob Newman,001-406-619-9371,Occasional
679,Laura Mcdonald,700.990.7502x727,Seasonal
680,Cole Flowers,001-232-826-8957x31557,Seasonal
681,Rebecca Rivera,+1-530-325-5522x02610,Seasonal
682,Jessica Hall,(736)223-5704x7417,Bulk
683,Daniel Mcclain,241.619.8098x924,Occasional
684,Caleb Kelly,930.423.5208,Seasonal
685,Jessica Holt MD,001-654-786-5462x9957,Occasional
686,Matthew Leonard,+1-761-384-3853x5214,Occasional
687,Jonathan Powell,701-995-8776,Seasonal
688,Mark Hayes,+1-811-222-4451x59294,Seasonal
689,Jacqueline White,(444)465-1786,Occasional
690,Gabriel Waters,244-966-9056x263,Seasonal
691,Jasmine Hoffman,+1-210-937-7868x392,Bulk
692,Courtney Solis,892.982.4532x312,Regular
693,Diane Johnson,789-688-3975x018,Occasional
694,Anna Strickland,001-836-707-7180x66536,Regular
695,Jennifer Lane,852-351-8181x12581,Occasional
696,Taylor Nelson,5292072561,Regular
697,Gregory Cook,+1-582-815-6279x959,Regular
698,Gary Hamilton,(715)692-5583,Bulk
699,Denise Cook,447.812.7765x388,Seasonal
700,Jeremy Harrell,(765)518-9825x619,Regular
701,Anthony Daniels,001-702-536-1846x293,Seasonal
702,Laura Gomez,910-741-6870,Seasonal
703,Cheryl Turner,001-906-440-1357x444,Bulk
704,Haley Miller,+1-800-261-3135x17042,Seasonal
705,Andrea Vaughan,(771)470-5320,Seasonal
706,Christian Crosby,5894226766,Bulk
707,Katrina Roberson DDS,+1-313-843-2345x878,Occasional
708,James Castillo,8316102017,Occasional
709,Tim Phillips,800.478.7507,Occasional
710,Andrew Hale,(540)269-1661x8593,Bulk
711,Lorraine Stephenson DDS,364.258.5854x8789,Regular
712,Robert Fisher,001-216-317-8478x46393,Occasional
713,Miguel Evans,(463)955-5657x4604,Regular
714,Cindy Garcia,537.506.0720x850,Occasional
715,Christina Riley,+1-573-660-7218x32406,Regular
716,Marc Adams,589-449-4409,Occasional
717,Stanley Rodgers,(479)854-2821x874,Occasional
718,Christine Fischer,(350)833-3106x8658,Regular
719,Devin Marsh,+1-363-384-6050,Occasional
720,Dr. Randy Montgomery DVM,519-515-9368x0747,Regular
721,Sabrina Wagner,841-269-9952,Bulk
722,Jennifer Oliver,(728)857-2961x6013,Occasional
723,Ronald Sims,371.687.4275x1267,Regular
724,Heather Stafford,753-592-6954,Bulk
725,David Carlson,6232211769,Bulk
726,Gloria Prince,897-943-4146x8358,Bulk
727,Sarah Chang,+1-738-881-3839,Occasional
728,Ryan Ramirez,001-675-611-5186x2065,Occasional
729,Sandra Snyder,4172747036,Occasional
730,Victor Griffin,001-261-444-0264x6887,Occasional
731,David Brown,(761)694-1725x1529,Bulk
732,Michelle White,001-762-543-0517,Bulk
733,Mary Davidson,(282)993-0374,Occasional
734,Brian Ballard,665-694-9020,Seasonal
735,Scott White,(487)278-8387x14813,Occasional
736,Mackenzie Yates,+1-685-956-5865,Regular
737,Nicole Morris,567.993.6408x5115,Occasional
738,Brian Johnston,001-614-571-0484x3268,Occasional
739,Hannah Daniel,001-661-257-8889,Regular
740,Crystal Henry,309.991.3160x40714,Regular
741,Benjamin Ryan,(697)633-1339,Regular
742,Michele Wright,952-642-0697,Occasional
743,Stephanie Rodriguez,9365773461,Occasional
744,Sandra Gordon,+1-647-341-8733,Regular
745,Nathan Jackson,595.645.6474x00611,Occasional
746,Angela Cook,001-994-284-5829x857,Bulk
747,Raymond Tate,748.227.9526,Bulk
748,Dennis Bates,(697)604-2318x68951,Occasional
749,Christopher Scott,(992)638-5862,Regular
750,Mrs. Deborah Kelly,538.540.4323x028,Occasional
751,Jonathan Nicholson,001-402-642-4657x552,Regular
752,Raymond Burke,641-484-1362x3791,Occasional
753,Donald Webster,448.841.1049x703,Bulk
754,Raymond Davis,001-478-402-7528x31601,Occasional
755,Ronald Thompson,310-435-7871x79469,Seasonal
756,Sandy Ramos,(470)288-1259x093,Regular
757,Shirley Anthony,231-657-4945,Seasonal
758,Kendra Nolan,(268)509-6123,Regular
759,Olivia Clark,001-554-937-9438x143,Occasional
760,Elizabeth Cole,+1-651-352-1441x38073,Regular
761,Jonathan Page,889.364.6503,Bulk
762,Jeffrey Burns,+1-277-210-4591x986,Seasonal
763,Debra Thomas,001-922-436-7298x807,Bulk
764,Christina Dunn,+1-909-676-8038x43202,Regular
765,Shawn Cox,899-830-2354,Occasional
766,Diamond Hays,(928)315-7556,Regular
767,Kristin Miller,810.833.7839x03072,Occasional
768,Patrick Mccormick,(405)425-9147,Bulk
769,Carlos Jones,+1-468-509-3284,Regular
770,James Johnson,(796)656-6154,Occasional
771,Alejandra Ward,397-929-0877x9232,Regular
772,Edwin Rivera,213-690-9759,Occasional
773,John Chen,+1-839-442-1391x2172,Bulk
774,Judith Buchanan,708.730.9898,Occasional
775,Eric Gallegos,320.284.2445x5668,Regular
776,Michael Hobbs,764.678.5544x3594,Occasional
777,Anna Rogers,214.737.0773x43703,Regular
778,Kendra Cantu,(633)331-1516x9733,Occasional
779,Heather Tucker,+1-279-305-9260,Regular
780,David Osborne,494.546.2336x376,Occasional
781,Joanna Murphy,931-415-3864,Occasional
782,Gregory Campos,738.301.5037x115,Bulk
783,Chris Hall,(221)597-4404x622,Regular
784,Eric Martinez,(400)871-5266x3310,Bulk
785,John Pena,(625)309-5226,Bulk
786,Danielle Estrada,514.730.5907x9062,Regular
787,Roy Scott,(529)286-6836x799,Occasional
788,Kevin Kline,3537670199,Occasional
789,Kenneth Hall,+1-592-225-4186x484,Occasional
790,Patricia Gibson,+1-330-455-0758x645,Regular
791,Alexandra Leonard,(744)316-3096x2579,Regular
792,Beth Fisher,(394)475-3728x3288,Seasonal
793,Michelle Alexander,280-248-4535,Seasonal
794,Erin Johnson,(357)530-3630,Regular
795,Cassie Lucas,9795350009,Occasional
796,Brianna Chapman,(865)592-6845x19352,Bulk
797,Debra Jones,(468)492-5935x10218,Occasional
798,Michael Page,481-292-2245x82770,Bulk
799,Richard Flores,407.356.3444,Bulk
800,Jimmy Robertson,001-631-514-1802x950,Seasonal
801,Kimberly Donaldson,+1-855-283-0892x017,Regular
802,Heather Simmons,620-745-7399,Occasional
803,Julie Garcia,001-958-528-0070,Occasional
804,Shawna Ochoa,958-381-2717x481,Occasional
805,Alicia James,892.911.3305,Occasional
806,Michelle Mueller,+1-443-479-1979x77476,Occasional
807,Shannon Schultz,938.545.1738x55880,Bulk
808,Jay Foster,+1-977-654-6354,Occasional
809,Adam Noble,679-863-3468,Regular
810,Michael Briggs,871-264-0829x2010,Seasonal
811,Krista Hodge,916-878-6577,Bulk
812,Daniel Barker,586.344.9772x08920,Regular
813,Daniel Adams,499-753-4334,Bulk
814,Jacob Mathis,690.254.4309x790,Occasional
815,Wendy Rowland,599-555-5625x29276,Occasional
816,Audrey Jacobs,001-935-573-2048x83755,Seasonal
817,Sergio Hogan,5086935745,Regular
818,Rhonda Tyler,+1-601-972-5267,Occasional
819,Donald Scott,4038435207,Seasonal
820,Joseph Hernandez,+1-490-311-6754x5409,Bulk
821,Ryan Wallace,933.367.3318,Occasional
822,Lisa Bell,(807)694-1363,Bulk
823,Joshua Martinez,(208)794-6771x28317,Bulk
824,Donald Benson,615.249.3209x868,Regular
825,Nathaniel Bryant DVM,001-804-418-9244,Occasional
826,Lindsey Ryan,(615)447-9298,Regular
827,Benjamin Lynn,+1-986-411-0965,Regular
828,Kaitlyn Li,771.252.8261,Occasional
829,Pamela Webb,619-849-8674x9104,Seasonal
830,Michael Cooper,452-722-7964,Seasonal
831,Jason Taylor,001-202-242-1879x8575,Seasonal
832,Ernest Nguyen,(948)444-6427x394,Bulk
833,Tiffany Franklin,001-519-653-3125x200,Regular
834,Stacy Reyes,(424)857-2807,Regular
835,Cesar Chapman,(499)236-3244x53685,Occasional
836,Jeremy Ramos,001-711-540-1678x0680,Regular
837,Ariana Glass,752-277-1542x9765,Bulk
838,Alexa Barrera,001-879-510-6743x221,Bulk
839,Patricia Clark,564-834-5069x08745,Occasional
840,Patrick Long,393.803.9211,Occasional
841,Douglas Logan,001-871-706-5162x0915,Regular
842,Kenneth Williams,(417)709-2327,Regular
843,Leonard Taylor,(940)588-8975x257,Bulk
844,Karen Reed,+1-686-427-7046x255,Bulk
845,Erica Williams,666.282.8220x0019,Occasional
846,Raven Clark,455-851-4857,Regular
847,Troy Wong,598-770-9492x22343,Regular
848,Adrian Thompson,963-985-8091x776,Regular
849,Christopher Aguirre,228-383-6015x287,Occasional
850,Michael Sutton,(345)667-9809,Bulk
851,Kimberly Santana,001-323-885-8306,Regular
852,Miranda Williams,+1-846-956-1027x96460,Occasional
853,Patrick Hernandez,+1-439-741-4225x999,Occasional
854,Michael Moyer,(528)784-6809,Seasonal
855,Kimberly Flores,769-580-5414,Occasional
856,Steven Paul,+1-874-802-8197,Bulk
857,Jerry Jones,001-337-893-9894,Occasional
858,Hannah Brown,259-988-7364x8858,Regular
859,Susan Sawyer,968-574-0919x8031,Regular
860,Eric Osborne,+1-264-240-5752x26577,Regular
861,Drew Hughes,(934)210-6684,Regular
862,Christine Holder,353-693-1447x4187,Bulk
863,Daniel Ray,576.339.1170x260,Occasional
864,Steven Berg,001-990-516-6306x303,Regular
865,Jaime Mercer,634-535-7459x736,Occasional
866,John Schmitt,558-866-5309x55092,Regular
867,Mike Simmons PhD,(547)609-1151x36550,Occasional
868,Jocelyn Barnett,(228)344-1145,Occasional
869,Mitchell Duncan,204.724.7016x6830,Occasional
870,Megan Wallace,+1-850-836-9821x492,Bulk
871,Scott Brock,627-838-7723,Occasional
872,Lisa Brown,690.302.7457x310,Bulk
873,Kevin Wright,690.573.7655,Bulk
874,Anthony Wilcox,677-417-3539x602,Occasional
875,Whitney Ortiz,+1-872-904-1801x706,Occasional
876,James Scott,(367)585-5992,Regular
877,Danny Wagner,+1-931-202-6501x26682,Bulk
878,Tracy Wood,632-659-3341,Regular
879,Karen Wells,(771)919-7258x50851,Regular
880,Victoria Webb,001-900-703-4526,Bulk
881,Steven Rangel,(571)849-9190x23275,Regular
882,Sheena Woods,001-822-685-1107x567,Bulk
883,Mr. Thomas Lara,659.724.2920,Regular
884,Michael Lang,(258)688-5519x22298,Seasonal
885,Amy Love,001-630-247-3508x315,Bulk
886,Rachel Herman,+1-279-839-6962x58605,Occasional
887,Tracy Turner,001-924-455-1378x26356,Occasional
888,Carl Blair,276.406.9627,Regular
889,Melanie Ryan,732-238-1745,Regular
890,Jason Cook,960-232-7095x80601,Occasional
891,Amy Hodges,720-945-8302,Bulk
892,Bridget Dorsey,+1-392-562-9533x2177,Regular
893,Jose Ferguson,598.429.5816x201,Occasional
894,Brian Moore,+1-782-227-1261,Regular
895,Megan Farmer,264-824-9648,Seasonal
896,Samuel Brown,663.638.3518x8812,Occasional
897,Linda Waters,+1-554-914-4365,Seasonal
898,Frank Clark,001-614-806-2944x8841,Occasional
899,Amy Brandt,741.299.3555,Occasional
900,Brian Ferguson,285-387-6574x946,Occasional
901,Teresa Horton,365-733-7843x3864,Regular
902,Eric Rice,+1-305-886-4788x81305,Seasonal
903,Andrew Williams,(669)802-5053,Regular
904,Eric Bauer,434-868-3511x3103,Bulk
905,David Martin,6838310847,Regular
906,Heidi Griffith,395.274.7196,Occasional
907,Samantha Williams,6105220386,Bulk
908,Brandon Rivera,(567)865-4119x2425,Occasional
909,Jennifer Lee,(774)300-8279,Occasional
910,Kelly Morgan,(824)867-5016x482,Regular
911,Frank Cooper,+1-353-974-7496x00397,Seasonal
912,Tyler Duke,507-857-2369x755,Occasional
913,Andrew Aguilar,972.911.0307x87237,Regular
914,Judy Graham,001-390-904-1106x05451,Occasional
915,Jamie Thornton,+1-916-710-6804x7161,Bulk
916,Carla Davis,(949)442-6720,Occasional
917,Katie Peck,001-417-331-0957x13671,Bulk
918,Troy Boyd,+1-351-866-3137,Occasional
919,Phillip Harris,001-282-263-3712,Occasional
920,Matthew Wallace,(511)393-3376x51816,Occasional
921,Thomas Randolph,707.468.2080x2097,Regular
922,Lauren Hansen,(962)203-7358x5488,Regular
923,Shelley Bonilla,227.855.9171,Occasional
924,Laura Andrews,(852)462-4373x9581,Regular
925,Edward Williams,(740)374-8374x289,Regular
926,Kara Wilson,001-396-401-3388x58270,Occasional
927,Sarah Mcdaniel,753-988-4086,Occasional
928,Colton Scott,(927)781-0813x17268,Occasional
929,Kevin Smith,+1-204-264-8109x9528,Occasional
930,Ryan Davis,809-545-2300x120,Seasonal
931,Morgan Long,+1-681-995-2523x73615,Bulk
932,Elizabeth Carpenter,573-474-6555x0847,Regular
933,Amanda Russell,813-787-1243x7193,Regular
934,Nathaniel Mora,876-502-2674x585,Seasonal
935,Bradley Daugherty,(932)362-3695x2426,Regular
936,Victoria Morris,(884)516-6564x153,Seasonal
937,Ann Roberts,2405786035,Occasional
938,Jill Bell,529.839.6168x7564,Occasional
939,Ryan Williamson,4374826736,Occasional
940,Michelle Nelson,2954624606,Occasional
941,Clayton Tyler,(589)980-7179x613,Occasional
942,Joseph Washington,+1-836-536-3382x4035,Occasional
943,Brandy Snyder,385-844-0398x39874,Regular
944,Anthony Schwartz,4555894285,Occasional
945,Emily Mills,(571)213-8906,Occasional
946,Emily Jackson,6123448129,Bulk
947,Derek Ford,(571)299-7795,Regular
948,Amanda Harris,486-296-3914x05761,Seasonal
949,Jason Griffin,455-721-4604,Occasional
950,Devon Boyd,+1-391-459-4236x928,Regular
951,Michael Cannon,+1-593-551-9896x71207,Occasional
952,Mariah Green,001-415-492-0269x0670,Occasional
953,Tiffany Hill,4909539588,Bulk
954,Jose Farrell,001-645-607-0207x6186,Regular
955,Debra Park,2799015150,Occasional
956,Anthony Montoya,697-442-0592x3920,Regular
957,Amanda Ryan,(534)698-7209,Occasional
958,Tiffany Joseph,001-786-917-4617,Occasional
959,Matthew Wong,5593055213,Bulk
960,Jesse Hughes,(293)741-5555x20169,Regular
961,Crystal Wright,4028327644,Regular
962,Alexis Ford,986.693.1736,Occasional
963,Jeff Reyes,(285)635-8161x42857,Regular
964,Juan Mccarty,001-624-614-1687x20561,Regular
965,Christina Duncan,662.235.7519x79575,Occasional
966,Dennis Mcclain,+1-437-572-5426,Seasonal
967,Lauren Gonzalez,(269)375-9552x7038,Occasional
968,Cheryl Lambert,(868)758-5441x227,Occasional
969,Donna Stevens,+1-972-336-5437x67510,Bulk
970,Michele Gibbs PhD,798-889-2960x354,Occasional
971,Amanda Berry,529-925-6841,Bulk
972,Cheryl Scott,001-386-953-6399,Occasional
973,Rebekah Ross,001-539-719-1522x9737,Occasional
974,John Lewis,896-224-4038,Occasional
975,Jeffrey Smith,748.493.6322x683,Occasional
976,Jordan Fuller,+1-695-425-5194,Occasional
977,Cheryl Williams,867-590-6484x5226,Regular
978,Johnny Mcdowell,497.989.6155,Regular
979,Whitney Bradshaw,255.968.3300x7223,Regular
980,Mary Castro,+1-832-753-3935x56947,Regular
981,Derrick Kennedy,+1-890-302-4289x788,Seasonal
982,Nicole Kelley,(647)419-3851,Regular
983,Kimberly Collins,+1-690-500-0921x7439,Occasional
984,Michaela Daugherty,(394)310-2026x195,Regular
985,Ian Hicks,6178769506,Occasional
986,Thomas Johnson,001-260-476-0551,Bulk
987,Kimberly Lang,6906712878,Regular
988,Thomas Nguyen,7554517205,Seasonal
989,Ian Mcmahon,(214)487-9803x1923,Regular
990,Shannon Hayes,001-275-904-5455,Occasional
991,John Ramirez,382-239-3268,Regular
992,Michael Smith,734-505-5365x48218,Occasional
993,Stephanie Rodriguez,001-260-350-5469x518,Regular
994,Dr. Cassandra Kelly,573.455.5252,Bulk
995,Daniel Simon,315.734.9330x1751,Seasonal
996,Kimberly Gutierrez,001-660-409-1425x589,Bulk
997,Mary Lopez,(441)924-0564,Occasional
998,James Mccarthy,413.269.4844,Occasional
999,Luis Robinson,281.989.3010,Seasonal
1000,John Wilkins,(448)337-4382,Bulk
1001,Stephen Lynch,643-245-2964,Regular
1002,Jeffrey Rodriguez,908-223-3300x8163,Seasonal
1003,Renee Bailey,821-596-3297,Occasional
1004,Mary Gray,(655)418-7549,Occasional
1005,Sandy Hughes,(204)976-8555,Occasional
1006,Richard Graham,458-733-9619x04857,Occasional
1007,Michael Green II,8882522695,Occasional
1008,Scott Martin,(271)957-8426x86989,Regular
1009,Jamie Davis,(712)219-8854,Occasional
1010,Nichole Salas,897.508.1504,Occasional
1011,Paul French,(283)483-7751x5780,Bulk
1012,Keith Wilson,429-665-4450x31859,Regular
1013,Raymond Bird,(394)419-3968x34331,Regular
1014,Dr. Jordan Meyer,+1-298-569-5582x06453,Occasional
1015,Cory Pruitt,(375)299-6197x868,Bulk
1016,Stacy Butler,983-777-0641x06017,Occasional
1017,Christopher Walker,487.561.1053x09230,Seasonal
1018,Brian Wyatt,(762)459-5044x10673,Occasional
1019,Teresa Powers,(589)272-3398,Regular
1020,Thomas Watson,813.251.1047x7201,Regular
1021,Pamela Martinez,+1-436-876-7889x359,Regular
1022,Erik Moore,(669)260-6310,Occasional
1023,Jeffery Ramirez,001-902-601-7457x5971,Occasional
1024,Chad Lowery,388.592.5141,Occasional
1025,Daniel Richards,236-297-3895,Occasional
1026,Michael Cobb,254.321.8115,Occasional
1027,Emily Williams,001-273-998-0145,Occasional
1028,Jessica Patel,2777031989,Occasional
1029,Sherri Marshall,7809561763,Regular
1030,Jennifer Tyler,3028122540,Regular
1031,Tina Walker,231.526.7763x350,Bulk
1032,Sandra Flores,209.206.5161,Bulk
1033,Sherry Hernandez,001-342-541-0961x0230,Regular
1034,Julia Johnson,(284)949-1494x9390,Occasional
1035,Tammy Gibbs,+1-904-335-0105,Occasional
1036,Julie Reyes,(666)818-0878,Regular
1037,Tammie Sharp,+1-265-459-1420x1999,Occasional
1038,Jon Calderon,490-439-7388x256,Regular
1039,Scott Singh,501-459-7148x588,Occasional
1040,David Munoz,(962)675-2779x80848,Regular
1041,Amy Wise,965.795.6103x2902,Bulk
1042,Shawn Ryan III,(957)788-3808x2450,Seasonal
1043,Troy Fernandez,849.645.8445x094,Bulk
1044,Adrienne Ellis,(465)255-0585x961,Occasional
1045,Timothy Harper,(761)292-7134x246,Regular
1046,Justin Carter,674.324.6042,Bulk
1047,Meredith Wong,407-286-5208x0473,Regular
1048,Erica Mcclain,001-942-501-0352x11471,Regular
1049,Valerie Stokes,588.254.4230,Regular
1050,Dennis King,904.528.2745x7734,Seasonal
1051,Nicole Smith,5392422779,Bulk
1052,Craig Williams,447-997-0113x29922,Occasional
1053,Brandy Stewart MD,001-690-317-1870,Occasional
1054,Gina Ray,207-735-5935x416,Occasional
1055,Eric Patel,(460)635-8327,Bulk
1056,Tammy Martin,001-297-831-5098x4940,Seasonal
1057,Jacqueline Stanley,792.403.4906x676,Seasonal
1058,Deborah Lara,215.640.6094x39361,Regular
1059,Justin Foster,+1-739-415-6975,Regular
1060,Audrey Fowler,(332)557-4288,Regular
1061,Jessica Henry,(683)241-2737x81982,Occasional
1062,Richard Sanders,001-753-373-2696x026,Regular
1063,Melvin Byrd,(692)617-6162,Occasional
1064,Carmen Lewis,001-826-819-7028x47250,Bulk
1065,Kimberly Collins,+1-718-868-7005x48097,Regular
1066,James Torres,+1-748-360-3244x1749,Seasonal
1067,Stephanie Jefferson,543-390-4529,Occasional
1068,Shannon Carter,614-883-1414,Regular
1069,Jared Palmer,001-550-767-5278x2384,Seasonal
1070,Katherine Sullivan,491.496.6440,Occasional
1071,Jacqueline Dawson,281.768.7417x046,Seasonal
1072,Laura Davidson,(982)813-0626,Regular
1073,Patricia Massey DVM,608.531.8051x01218,Occasional
1074,Sheila Johnson,001-849-903-8361x8140,Regular
1075,Deborah Kelley,(238)684-4577x41684,Regular
1076,Patrick Houston,653-758-9245,Occasional
1077,William Beltran,958-352-4918,Bulk
1078,Jennifer Townsend,(496)622-9932x24203,Regular
1079,Jamie Smith,280-453-6710x8409,Seasonal
1080,Kelly Brewer,988.363.9771,Seasonal
1081,Vanessa Huffman,(398)305-8500x43956,Regular
1082,Jessica Cooper,8479284225,Regular
1083,Christine Rodriguez,543-647-3629,Bulk
1084,Melanie Foley,001-922-791-4412,Regular
1085,Victoria Scott,001-617-382-8427x436,Regular
1086,Christopher Flores,915-360-8649,Regular
1087,Jerry Herman,+1-679-339-7299,Occasional
1088,Alexander Stephens,363-311-3148x406,Bulk
1089,Amy Fisher,272.581.6261x38528,Occasional
1090,Amy Clay,258-737-7327x73904,Regular
1091,Samantha Smith,463-537-4232x21752,Occasional
1092,Joshua Chavez,(231)327-4813x715,Occasional
1093,John Summers,312-720-8420x44912,Occasional
1094,Matthew Gardner,001-393-293-3554x00369,Occasional
1095,Danielle Ramirez,+1-306-806-1867x2397,Seasonal
1096,Catherine Powell,001-255-616-4825x075,Seasonal
1097,Nicole Gallegos,623-399-7579,Occasional
1098,Karla Nicholson,(607)738-1079x904,Regular
1099,Cristina Cooper,+1-505-657-6886x11040,Occasional
1100,Cody Torres,762.566.4009x504,Regular
1101,Hector Lee,(900)378-3304,Occasional
1102,Matthew Higgins,001-688-211-6302,Bulk
1103,Evan Dean,726-214-3776x352,Bulk
1104,Jennifer Miller,996.821.1179x74900,Occasional
1105,Shari Jones,+1-466-879-7112x3671,Bulk
1106,Robert Howard,001-287-955-6545,Seasonal
1107,Robert Hamilton,+1-783-362-4302x342,Bulk
1108,Edgar Dickson,+1-668-594-8617x7088,Seasonal
1109,Melissa Fuller,3583554153,Occasional
1110,Kathleen Joseph,001-681-793-6279x810,Bulk
1111,Jacob Sanchez,001-962-609-5951,Bulk
1112,Bryan Vazquez,+1-781-977-9859x633,Occasional
1113,Ryan Bond,202-499-8320x142,Bulk
1114,Kelly Whitney,(212)828-2059x83431,Regular
1115,Mark Lindsey,720.263.7215,Seasonal
1116,Stephanie Ferguson,+1-230-200-3237x57769,Occasional
1117,Veronica Wolf,+1-713-460-2897,Regular
1118,Mike Wright,264.905.8637,Occasional
1119,Crystal Watson,001-579-594-9464,Occasional
1120,Lonnie Smith,(219)655-2741,Bulk
1121,William Potts,+1-214-775-7458x119,Occasional
1122,Jeffrey Munoz,493-590-2180,Regular
1123,Ms. Stacy Harris,001-958-868-5964x9575,Seasonal
1124,Vanessa Roberts,(896)617-7929,Occasional
1125,April Ballard,+1-451-970-4559x50659,Occasional
1126,Calvin Mann,(322)983-4536x0227,Bulk
1127,Kristen Jennings,259.635.1778x94089,Occasional
1128,Kenneth Dunlap,3814054354,Seasonal
1129,Lori Howard,+1-538-233-5189,Regular
1130,David Smith,(574)616-6795,Regular
1131,Jennifer Gordon,2657741630,Seasonal
1132,Daniel Gross,731.964.3259x64917,Occasional
1133,Herbert Barnes,832.253.9657x04862,Occasional
1134,David Thomas,(427)334-1189x60326,Regular
1135,Marcus Powell,001-879-326-4497,Regular
1136,William Chang,3299426597,Occasional
1137,Dustin Harvey,(777)351-3884,Regular
1138,Melissa Cook,592.771.0472x3549,Occasional
1139,Elizabeth Galloway,396-293-0380,Bulk
1140,Debra Brady,404.457.6975x3736,Occasional
1141,Andrew Bryant,756.266.0908,Regular
1142,Brendan Jones,001-523-411-3811,Occasional
1143,Jamie Crawford,457.677.5104,Seasonal
1144,Keith Griffith,+1-621-591-7604x1559,Regular
1145,Timothy Nguyen,330-608-3472,Occasional
1146,Mike Lopez,793-754-0686,Regular
1147,Maria Campbell,001-356-362-7169,Regular
1148,Carol Frost,988.906.0153x8221,Occasional
1149,Brian Howard,276-572-9626,Occasional
1150,Melissa Williams,506-688-2072x163,Regular
1151,Megan Smith,897-717-3869,Bulk
1152,Julie Wood,206.629.4569,Bulk
1153,Kevin Flynn,(902)286-5795,Regular
1154,Andrew Todd,(471)230-9106x74384,Occasional
1155,Charles Frederick,923-247-4687,Occasional
1156,Jeffrey Yang,8624168686,Regular
1157,Evelyn Cardenas,607-911-6613,Seasonal
1158,Ashley Bryant,(782)860-8526,Bulk
1159,Jenny Schwartz,969.592.9450x511,Occasional
1160,Tyler Greene,001-684-751-0068x652,Bulk
1161,Aaron Barnett,224.692.7877x87175,Bulk
1162,Kelly Stevenson,001-398-954-8730x642,Occasional
1163,Russell Garza,(599)433-8943x9931,Occasional
1164,Amanda Juarez DVM,001-527-541-4920x332,Regular
1165,Sheila Rogers,580.246.9130x755,Bulk
1166,James Hayden,416.373.8432x595,Regular
1167,Casey Young,001-340-542-8036x58879,Occasional
1168,Alicia Mccarthy,(492)574-7159,Occasional
1169,Daniel Carroll,+1-836-586-4545x0269,Seasonal
1170,Andrea Baker,(379)807-8486,Occasional
1171,Chase Heath,001-555-265-7614x24132,Regular
1172,Danielle Wyatt,(831)546-1434x6017,Regular
1173,Kyle Johnson,295.323.1117,Bulk
1174,Sandra Wilson,001-833-493-1309,Regular
1175,Courtney Richardson,+1-738-797-9663x48358,Occasional
1176,Seth Santos,7686826086,Occasional
1177,Kristen Wheeler,+1-498-964-9107x9758,Regular
1178,Heather Brown,3738679213,Regular
1179,Helen Myers,6886383900,Occasional
1180,William Williams,564.280.4136x2572,Seasonal
1181,Ellen Smith,(762)553-0609x2352,Bulk
1182,Adam Aguilar,(814)273-9021,Occasional
1183,Thomas Brown,+1-352-998-9836,Bulk
1184,Daniel Miller,001-940-301-4113x8753,Occasional
1185,Brianna Jacobs,(727)635-9575x03775,Occasional
1186,Andrew Cook,546.716.4487x47726,Bulk
1187,Chelsea Heath,+1-642-264-4686x7270,Bulk
1188,Ryan Thompson,(767)306-8743x55702,Regular
1189,Jeffery Roy,(696)363-7641x20559,Occasional
1190,Jeremy Brown,001-820-429-3056x735,Regular
1191,Donald Ross,630-893-7164x843,Occasional
1192,Nathan Young,+1-622-369-2686,Bulk
1193,Cynthia Farmer,+1-594-355-8485x064,Seasonal
1194,Jaime Moore,+1-579-662-8522x0090,Occasional
1195,Jason Johnson,299.238.4893,Seasonal
1196,Ariel Smith,+1-431-309-3340x40102,Occasional
1197,Kelly Bryant,(907)258-7339x514,Bulk
1198,Matthew Williamson,726.240.9452,Regular
1199,Travis Greene,001-848-315-8674x5949,Occasional
1200,Rebecca Smith,505-840-8973x395,Regular
1201,Roger Riddle,(313)618-9876x298,Regular
1202,Jason Murray,+1-846-523-2817x10077,Bulk
1203,Danielle Rodriguez,252-322-0725x606,Occasional
1204,Wendy Lang,595.673.9826,Bulk
1205,Julie Miller,001-608-364-6275x910,Seasonal
1206,Whitney Robertson,001-427-768-1659,Bulk
1207,Oscar Ford,+1-311-590-3556x639,Regular
1208,Mariah Parks,(521)715-8924x44637,Bulk
1209,Robert Wade,571.339.7637,Seasonal
1210,Cody Stewart,429-891-2130,Seasonal
1211,Laura Reyes,+1-848-457-0808x800,Occasional
1212,Emma Hinton,001-821-553-3779x37612,Regular
1213,Jessica Bryant,774-797-0268,Occasional
1214,Lisa Bowman,298.541.0160x11689,Bulk
1215,Dawn Maddox,+1-453-859-1102x0233,Occasional
1216,Laura Simmons,343.517.2165,Occasional
1217,Timothy Garcia,+1-582-366-7847,Seasonal
1218,Thomas Delacruz,2999227496,Occasional
1219,Cheryl Keller,970.829.7516,Regular
1220,Mark Moore,858-442-9226x3977,Bulk
1221,Derrick Moyer,(565)403-6682,Bulk
1222,Danny Coffey,+1-533-412-2245x206,Regular
1223,James Hall,+1-989-611-0833x773,Regular
1224,Bradley Moore,001-360-387-9405,Occasional
1225,William Morton,(456)861-6252,Occasional
1226,Kyle Shields,+1-548-318-9764x673,Occasional
1227,Sean Anderson,001-431-846-3903,Seasonal
1228,Veronica Strong,356.904.1895,Occasional
1229,David Taylor,816.648.6911x425,Bulk
1230,Tom Campbell,243.445.0346,Regular
1231,Andrew Montgomery,001-790-696-4949x441,Seasonal
1232,David Robbins,628.297.1230x6110,Occasional
1233,Jon Garcia,4714566969,Occasional
1234,Timothy Davis,4713826548,Bulk
1235,Marc Webster,970.446.0263x60315,Occasional
1236,Valerie Morse,+1-765-786-5627x207,Bulk
1237,Deanna Graham,(654)621-0316,Regular
1238,Elizabeth Wilkerson,+1-388-940-8296,Bulk
1239,Virginia Romero,001-327-329-1707x3154,Occasional
1240,Briana Gonzalez,+1-282-943-7679,Seasonal
1241,Kenneth Price,(976)299-2715x0431,Regular
1242,Heather Wells,203-732-2088x83713,Regular
1243,Logan Montes,521.454.8616,Regular
1244,Jennifer Chang,(698)212-3121x6176,Occasional
1245,Brendan Silva,+1-947-630-3701x08975,Occasional
1246,Steven Rice,(844)360-9565,Regular
1247,Kathleen Obrien,676-835-1202,Regular
1248,Matthew Payne,569-769-1888,Bulk
1249,Luke Chavez,778-583-1285x6807,Regular
1250,Latoya Hernandez,320.709.0304x3257,Regular
1251,Jonathan Knight,380.678.1673x5767,Occasional
1252,Elaine Wilson,(214)384-4950,Bulk
1253,Jessica Montgomery,+1-664-544-3423,Regular
1254,Lisa Henderson,920.701.4123,Regular
1255,Patrick Miller,8754851546,Regular
1256,Penny Santiago,001-522-391-3187,Bulk
1257,Julian Anderson,(711)561-4194x0498,Occasional
1258,Gregory Nicholson,960-276-9671,Bulk
1259,Jessica Clarke,+1-574-617-5122x26244,Regular
1260,Melanie Hall,(735)945-9069x1263,Bulk
1261,Cody Alvarez II,440.719.6890x8111,Seasonal
1262,Louis Morrison,+1-340-686-9193,Occasional
1263,Jamie Hamilton,(653)469-8516x5979,Occasional
1264,Lindsay Tapia,264.424.9345x012,Bulk
1265,Shannon Mendoza,(762)566-4502,Seasonal
1266,Mr. Ethan Sanders,414.389.8833,Regular
1267,Courtney Rodriguez,+1-757-377-7570x6679,Regular
1268,Erin Stevenson,680.567.6691x38280,Occasional
1269,Susan Fields,(520)211-3682x530,Bulk
1270,Meghan Coleman,(975)680-3854,Bulk
1271,Natalie Miller,001-391-423-0590x05355,Bulk
1272,Trevor Harris,+1-378-422-0411x34101,Occasional
1273,Anthony Conrad,2132618211,Occasional
1274,Brandon Bates,964-466-9309,Regular
1275,Joseph Leach,922.813.7841x6830,Seasonal
1276,Barry Schmidt,649-288-9232x2196,Seasonal
1277,Amy Parker,(416)484-2561x5331,Occasional
1278,Scott Johnson,+1-970-501-1190x08137,Occasional
1279,Ralph Murray,403.389.0285,Occasional
1280,Miss Vanessa Barnes,973.337.4147x23202,Seasonal
1281,Herbert Page,406-974-4095x196,Occasional
1282,Stephen Campbell,(269)491-4511,Bulk
1283,Michelle Morris,(379)945-5333x5541,Regular
1284,Maria Powers,001-475-288-8105x860,Bulk
1285,Paul Tate,9769981431,Seasonal
1286,Mike Alvarado,(291)855-5671x54932,Seasonal
1287,Theresa Randall,784.616.7529x69145,Occasional
1288,Thomas Wright,251.676.5574x607,Occasional
1289,Kelly Kennedy,3449020939,Bulk
1290,Sarah Marquez,881-986-6486,Regular
1291,John Gomez,568-664-1644,Occasional
1292,Victoria Stafford MD,791.712.1008x76871,Regular
1293,David Moore,863.271.4211,Occasional
1294,Michelle Crosby,587.747.5059x674,Occasional
1295,David Aguilar,526-722-9854,Regular
1296,Bradley Andrews,001-483-762-8274x5592,Bulk
1297,Julie Johnson,243.469.8540x650,Bulk
1298,Christopher Allen,001-991-366-6126,Occasional
1299,Kathy Phillips,500-238-5360x540,Bulk
1300,Sherry Knox,+1-811-468-7342,Occasional
1301,David Khan,+1-777-841-5792x684,Seasonal
1302,Jeffrey Garza,001-343-555-9810x859,Occasional
1303,Andrew Peters,(948)255-4639,Regular
1304,Laura Bishop,001-272-206-4721,Regular
1305,Bradley Hill,+1-372-392-5491x2490,Occasional
1306,Maria Jordan,760-218-7582x29408,Occasional
1307,Jeffrey Paul,001-290-775-1964x4365,Occasional
1308,Samantha Dalton,2975798722,Occasional
1309,Michael Patel,+1-486-648-7767,Bulk
1310,Kristen Conrad,391.636.2534,Bulk
1311,Nichole Griffith,+1-468-913-0810x2148,Seasonal
1312,Krystal Hickman,429.291.8063x4194,Regular
1313,Jean Frey,001-797-933-5249x331,Seasonal
1314,Michael Morgan,948-308-1040x7808,Regular
1315,Diana Miller,001-881-563-6933x61155,Regular
1316,Rhonda Lopez,+1-765-662-2544,Bulk
1317,Terry Grant,805-389-9245x773,Bulk
1318,John Casey,936-822-2700,Occasional
1319,Melissa Mccarthy,+1-532-603-6056x7005,Bulk
1320,Amanda Donaldson,916-683-2216x16568,Occasional
1321,Thomas Rivera,802-564-7507x48286,Bulk
1322,Chad King,4718355168,Seasonal
1323,Susan Miller,439.682.8375,Regular
1324,Sandra Nelson,663-622-4601x54615,Regular
1325,Nathan Rivera,(352)805-1955,Regular
1326,David Beard,330-977-8604x46574,Bulk
1327,Shawn Patrick,(295)797-4962,Occasional
1328,Zachary Richard,4794763672,Occasional
1329,James Davis,001-721-252-6818x2457,Regular
1330,Michael Cooper,+1-369-350-6804,Regular
1331,Kimberly Thompson,(699)327-5971,Occasional
1332,Brooke Larsen,+1-799-284-6914x5374,Occasional
1333,Ruben Reeves,+1-301-399-4600x6983,Bulk
1334,David Evans,+1-394-652-2806x8901,Bulk
1335,Ryan Parsons,251.449.1311x25550,Occasional
1336,Anthony Cannon,660.903.0176x21690,Occasional
1337,Robin Coleman,905-501-9222,Regular
1338,Judy Stone,800-812-5919x1988,Regular
1339,Cindy Wong,755-721-7840x4056,Bulk
1340,Tina Dennis,481-389-7639x356,Occasional
1341,Michael Tran,815.524.6117x3588,Occasional
1342,Cody Beasley,4503544181,Bulk
1343,Brandon Jennings,001-523-688-1052,Regular
1344,Jason Best,(868)685-0661,Bulk
1345,Melanie Jones,365.938.1973,Bulk
1346,Tanner Gomez,(881)708-2927,Occasional
1347,Jack Soto,244.302.9252,Occasional
1348,Jimmy Watson,9006197556,Occasional
1349,Joseph Mejia,738-424-5983x79225,Bulk
1350,Cassidy George,453.961.3394x1177,Occasional
1351,David Mccann,+1-252-810-7504x328,Occasional
1352,Mason Cole,330.780.6846x55354,Occasional
1353,Mrs. Stephanie Ramirez,4419519298,Bulk
1354,Karl Turner,+1-922-993-1635x270,Occasional
1355,Edward Hester,001-539-252-9598x412,Occasional
1356,Phillip Hernandez,563.574.2055x266,Bulk
1357,Adriana Mullins,783.843.6960x937,Occasional
1358,David Gillespie,830.533.8730,Bulk
1359,Tracie Thomas,+1-263-304-9431x1648,Occasional
1360,Amy Marks,+1-864-340-9324x0421,Occasional
1361,Douglas Harris,001-704-817-5967x77293,Regular
1362,Tanya Jordan,(259)759-6922,Seasonal
1363,George Gonzalez,001-736-817-6899x83146,Regular
1364,James Wolf,9172749230,Occasional
1365,Jane Holland,915.456.2459x5267,Regular
1366,Thomas Cruz,(788)264-5394,Regular
1367,Jennifer Gallagher,001-593-822-5354x53656,Bulk
1368,Larry Gutierrez,001-293-656-6996x6398,Occasional
1369,Joseph Lewis,362-250-2099,Bulk
1370,Jason Smith,+1-928-849-1303x381,Occasional
1371,Samuel Hubbard,200-835-4351,Bulk
1372,Brandy Carter,+1-415-261-1552x45272,Regular
1373,Lindsey Griffith,985.607.8083,Occasional
1374,Jennifer Washington,579.867.0367,Regular
1375,Joshua Montgomery,+1-792-692-7462,Regular
1376,Melinda Gomez,+1-517-877-9944x1330,Bulk
1377,Rose Oneill,+1-783-508-9905,Regular
1378,Tony Stokes,001-820-749-7245,Regular
1379,Kristine Doyle,9369030300,Bulk
1380,Walter Landry,289.532.0760x31268,Seasonal
1381,Joshua Novak,448-805-8751x43800,Occasional
1382,Lisa Bautista,724-940-9354x813,Occasional
1383,Mark Gates,001-509-325-2831x2568,Bulk
1384,Brian Yang,+1-415-543-5564x211,Regular
1385,Lori Gibbs,4652360955,Seasonal
1386,Kelly Smith,(813)209-2175x18366,Occasional
1387,Scott Lewis,851.979.2150x3596,Occasional
1388,Dylan Allen,664-863-6707,Regular
1389,James Barber,(466)777-5614x323,Regular
1390,Michael Perez,327.795.4225,Occasional
1391,Henry Sellers,001-338-612-0906x66494,Occasional
1392,Kimberly Walker,900.649.4836,Bulk
1393,Yvette Barr,001-561-501-9709x69618,Bulk
1394,William Marks,(459)264-7472,Seasonal
1395,Jacqueline Wise,(248)373-0658,Seasonal
1396,Danielle Sweeney,958-827-5833x52428,Seasonal
1397,Taylor Schneider,001-398-689-8052x48594,Regular
1398,Lisa Warner,001-898-789-5467x0197,Seasonal
1399,April Garrett,7514542575,Regular
1400,Christopher Knight II,(937)616-2377,Occasional
1401,Danielle Mccarthy,001-411-613-7893x3049,Regular
1402,Jonathan Patterson,001-695-634-7319,Seasonal
1403,Ashley Ashley,(975)984-1253x0409,Occasional
1404,Stephanie Sherman,452.370.2479,Occasional
1405,Mark Young,636.276.0959x45597,Regular
1406,Ashley Smith,(287)279-1595x42742,Occasional
1407,Brittany Barton,4222354707,Regular
1408,John Hess,(591)800-3267x11268,Bulk
1409,Rebecca Walker,780-592-4610x9105,Occasional
1410,Darrell Harvey,3887542138,Occasional
1411,Jennifer Reed,727.739.8154,Seasonal
1412,Richard Terrell,851-661-4752x460,Occasional
1413,Sara Snyder,+1-822-640-7606,Seasonal
1414,William Oliver Jr.,+1-394-730-8527x19473,Occasional
1415,John Watson,675.645.7928x2559,Occasional
1416,Jonathan Smith,(995)461-6105,Occasional
1417,Kenneth Hart,2769789561,Bulk
1418,Morgan Anderson,585.373.0946x36598,Bulk
1419,Pamela Morris,+1-455-588-5316,Occasional
1420,Erin Burton,538-209-5815,Occasional
1421,Douglas Elliott,+1-351-620-5573,Regular
1422,Kyle Frey,+1-699-598-5598x81622,Seasonal
1423,Angela Diaz,(738)333-7630x72444,Occasional
1424,Ricky Fleming,675-907-8028x04324,Regular
1425,Mr. Joseph Williams,2156130740,Regular
1426,Kimberly Barton,+1-895-724-9732,Regular
1427,Tammy Blankenship,5825320754,Occasional
1428,Dr. James Black MD,001-484-788-7776x2462,Occasional
1429,Harold George,(978)479-8179x4412,Occasional
1430,Michael Ryan,662.508.5367,Regular
1431,Melissa Johnson,(948)903-5436x42473,Seasonal
1432,Lauren Grant,430-671-5178x1744,Regular
1433,Mark Davis,+1-219-914-3093,Occasional
1434,Matthew Bush,8647936355,Occasional
1435,William Romero,718-538-0346,Seasonal
1436,Amanda Hutchinson,(420)246-0616x97746,Regular
1437,Evan Andrews,(717)410-3559,Seasonal
1438,Matthew Dalton,415.702.1561x0922,Occasional
1439,Sarah Blevins,(971)727-0470x5270,Seasonal
1440,Carla Grimes,(376)238-0662,Occasional
1441,Jamie Jenkins,6916884405,Seasonal
1442,Deanna Thompson,633-783-2209,Regular
1443,Clayton Moore,+1-569-757-9258x6373,Regular
1444,Rhonda Sutton,634.425.9240x59739,Bulk
1445,Elizabeth Bailey,(211)359-6661,Occasional
1446,Erika Dyer,001-355-214-5436x236,Regular
1447,Dan Hickman,369.814.5566x9609,Bulk
1448,Michael Watkins,001-991-541-0334x397,Regular
1449,John Morales,907-584-6956x15016,Regular
1450,Kathleen Webb,327.248.2962,Regular
1451,Autumn Cole,(379)801-5838,Bulk
1452,Charles Hoffman,+1-766-980-1001x4161,Occasional
1453,Mark Alexander,001-763-363-0719x220,Regular
1454,Jordan Adams,(936)999-5981x27572,Regular
1455,Richard Pitts,(293)874-9208x538,Seasonal
1456,Nicole Patterson,(539)954-7660x4301,Occasional
1457,Richard Byrd,5295413057,Bulk
1458,Heather Fisher,331-592-6769,Regular
1459,Jessica Martinez,333-888-1858,Bulk
1460,Samantha Robinson,(568)402-4819x28041,Regular
1461,Mr. James Robinson,821.772.4808,Regular
1462,Nathaniel Kennedy,299.589.0970x98843,Occasional
1463,Rebecca Davidson DDS,(605)995-0264x64555,Regular
1464,Christina Pugh,638-562-8466x399,Regular
1465,Kyle Andrade,931-986-1068,Bulk
1466,Brittany Garcia,791.397.0694x83962,Occasional
1467,Michael Martinez,(710)760-2923,Occasional
1468,James Farrell,974.478.7789x95593,Occasional
1469,Melissa Avila,4469754969,Occasional
1470,Erin Thomas,001-673-405-4008x77130,Occasional
1471,Frank Alvarez,919-379-7276x228,Occasional
1472,Martha Delacruz,(983)660-7584x289,Occasional
1473,Melissa Bowman MD,419.746.3844,Occasional
1474,Kelly Green,(579)620-8619x36567,Occasional
1475,Michael Anderson,4678571318,Bulk
1476,Christopher Soto,+1-526-963-5826,Regular
1477,Cynthia Thomas,(913)614-2506x99573,Occasional
1478,Jason Day,+1-816-327-4527,Occasional
1479,Anita Mathis,(543)846-7537x46539,Occasional
1480,Mariah Reynolds,(791)679-4296x82212,Seasonal
1481,Laura Bennett,(386)911-3185x940,Regular
1482,Adam Lynn,+1-377-633-7034,Occasional
1483,Thomas King,755-420-1069,Occasional
1484,William Hill,(660)588-2595x14646,Bulk
1485,Joe Rojas,+1-657-949-9041,Occasional
1486,Rachel Mendez,984-872-5124,Seasonal
1487,Bradley Tucker,001-280-318-8878x596,Occasional
1488,Monica Howard,001-752-566-0251,Occasional
1489,Regina Blanchard,001-855-940-6261x41844,Bulk
1490,Trevor Graham,8129384579,Regular
1491,Andrew Hogan,711.902.3213,Bulk
1492,Phillip Williams,883-545-9422x8033,Regular
1493,Charles Valencia,922.266.5332,Occasional
1494,Charles Watkins,+1-295-612-8886x67338,Seasonal
1495,William Smith,405.736.7692x49762,Occasional
1496,Jacqueline Fisher,947-333-9356x221,Occasional
1497,Cindy Tucker,290-374-0745x96371,Occasional
1498,Wyatt Warren,267-339-8178,Bulk
1499,Brenda Johnson,001-838-659-3556x637,Bulk
1500,Lori Case,+1-407-860-3128x44913,Seasonal
1501,Ryan Anderson,001-636-508-7289x071,Occasional
1502,April Miller,001-216-711-7381,Occasional
1503,Michael Hayes,5439961932,Occasional
1504,Billy Brewer,(730)681-4470,Bulk
1505,Stephanie Johnson,(336)597-4058x64085,Bulk
1506,John Cohen,+1-316-651-1925x6028,Bulk
1507,Jesse Miller,+1-606-988-9914x2783,Bulk
1508,Dana Farmer,817-374-9634x046,Seasonal
1509,Leah Johnson,001-789-880-4795x340,Regular
1510,Rachel Espinoza,936.951.8021,Regular
1511,Amber Ochoa,(838)448-2479x237,Regular
1512,Robert Rodriguez,502.864.1668x5543,Regular
1513,David Howard,(454)966-8816,Occasional
1514,Joshua Keller,650-285-3062x56977,Occasional
1515,Brian Washington,820.332.5184,Seasonal
1516,Michael Hoffman,+1-424-215-4220x434,Bulk
1517,Donna Cunningham,919-986-3762,Bulk
1518,Justin Rodriguez,5654043424,Occasional
1519,Peter Gordon,2944158737,Bulk
1520,Samantha Duffy,+1-622-710-4834x46920,Occasional
1521,Timothy Solis,001-526-808-5191,Seasonal
1522,Robert Andersen,826-816-0590x97272,Regular
1523,Danielle Coleman,3362347048,Occasional
1524,Devin Bridges,205.871.6482,Occasional
1525,Natasha Cook,(839)680-6526,Bulk
1526,Patrick Hernandez,624.397.5496x5506,Occasional
1527,Jose Perez,+1-280-253-9063,Occasional
1528,Gregory Becker,+1-976-907-3247x33645,Occasional
1529,Mr. Carl Figueroa,910-616-4428x98625,Occasional
1530,Johnny Gutierrez,(974)440-7244,Occasional
1531,Vicki Lewis,3056696368,Regular
1532,Samantha Franklin,+1-825-410-5464x8417,Occasional
1533,Dr. Eugene Stewart,+1-736-909-8101x75940,Regular
1534,Ricky Gordon,001-748-527-3449,Bulk
1535,Russell Sanchez,(582)719-5554x199,Occasional
1536,Tom Yoder,454.559.1227x2543,Seasonal
1537,Kathleen Hansen,(208)979-5153,Occasional
1538,Amy Thompson,881.757.6723,Regular
1539,Traci Pierce,(738)963-2431,Regular
1540,Angela Valdez,434-838-8150x96026,Regular
1541,Crystal White,222-543-3496,Occasional
1542,Jennifer Rowe,001-773-788-2344x92330,Occasional
1543,Ms. Madison Vang,262-464-7111x67099,Seasonal
1544,Devin Summers,001-881-709-1423,Occasional
1545,Larry Franco,256-509-3251,Occasional
1546,Chad Vega,735.343.6174x151,Regular
1547,Kelly Cisneros,001-689-536-7293x468,Regular
1548,Kathy Case,8328870642,Regular
1549,Yolanda Yates,+1-979-709-2636x79509,Regular
1550,Erin Mclaughlin,(461)779-3270x304,Seasonal
1551,Danielle Garrett,001-339-537-7914x56894,Regular
1552,Juan Lewis,671.642.9711x3911,Occasional
1553,Trevor Nunez,+1-301-489-0317x7169,Regular
1554,Veronica Mcbride,+1-355-721-3135x70492,Occasional
1555,Todd Lawrence,(921)281-9329x542,Occasional
1556,Aaron Kennedy,797.394.7924x827,Occasional
1557,James Anderson,846-842-1204,Occasional
1558,Diane Ibarra,(687)234-1417,Regular
1559,Mark Allison,253-734-7059x514,Bulk
1560,Nancy Cooper,001-557-306-0988x2275,Regular
1561,Jeff Thomas,+1-333-702-1157x88475,Regular
1562,Tara Zavala,393-624-2332x0339,Bulk
1563,Ann Ramirez,+1-523-669-7436x447,Seasonal
1564,Melissa Davis,(803)727-4771x7292,Occasional
1565,Audrey Garcia,001-949-435-4084x59458,Occasional
1566,William Smith,001-619-902-3242x81363,Regular
1567,Jacqueline Schultz,001-610-739-6579x2938,Regular
1568,Nicholas Joseph,(523)427-2297x9039,Occasional
1569,Daniel Bruce,(508)346-7769x763,Bulk
1570,Christopher Herrera,001-880-696-6938x4492,Occasional
1571,Laura Payne,7834171390,Occasional
1572,Melissa Hale,001-262-436-2751x33263,Bulk
1573,Nicholas Dunlap,9237968650,Regular
1574,Michelle Bowers,506-505-0960,Regular
1575,Larry Martin,(989)447-1906,Regular
1576,Ann Gonzalez,(781)828-3300,Seasonal
1577,Brian Miller,+1-900-434-2894,Regular
1578,Carl Martin,(941)650-1821x885,Occasional
1579,James Evans,(756)443-3129,Bulk
1580,Joshua Estes,+1-938-893-3045x99297,Bulk
1581,Morgan Molina,311.929.2971x503,Regular
1582,Derek Jones,418.453.7729x5980,Occasional
1583,Alicia Quinn,451-557-9936,Bulk
1584,Brian Bennett,(845)952-2148,Bulk
1585,Michael Estes,299.672.8314,Occasional
1586,Thomas Henson,001-708-922-6562,Bulk
1587,Sara Crosby,001-675-977-3491x2835,Regular
1588,Andrea Moyer,+1-322-258-7397x385,Seasonal
1589,Melissa Davies,001-272-699-5743x2759,Occasional
1590,Laura Moon,4688385671,Occasional
1591,Alexis Mcneil,001-811-540-1369x994,Bulk
1592,Kristy Hunter,782-574-0091,Regular
1593,Curtis Gay,300-537-9734x00708,Seasonal
1594,Amber Strickland,966-203-9082x0036,Regular
1595,Felicia Howard,+1-640-974-6617x5621,Occasional
1596,Dr. Vicki Barker PhD,441.537.7637x69907,Occasional
1597,Jeffrey Harris,001-911-445-6993x19617,Regular
1598,Juan Mason,+1-299-201-5377,Bulk
1599,Elizabeth Kirby,4537638118,Regular
1600,Jeffrey Silva,(232)630-7084x73463,Occasional
1601,David Thomas,881.201.7659x72010,Occasional
1602,Jeanne Watson,(740)249-4185x0554,Regular
1603,Heather Snyder,852.609.8569,Occasional
1604,Anna Scott,+1-796-412-2247,Occasional
1605,Timothy Hall,+1-895-393-4222,Regular
1606,David Lewis,477-902-3570,Occasional
1607,Michael Lewis,413-326-0563x256,Regular
1608,Jessica Jones,(544)966-2936,Bulk
1609,David Kelley,394.536.7471x8330,Occasional
1610,Jacob Barnes,458-627-2436,Occasional
1611,Sheryl Miller,829-463-7715,Occasional
1612,Amber Wood,769.799.7207x302,Occasional
1613,Nicholas Cruz,350.808.8024x99133,Occasional
1614,Brandon Anderson,694-580-6875,Bulk
1615,John Roman,4635622151,Bulk
1616,Alisha Barrera,960.358.7516x1571,Regular
1617,Melissa Case,460.808.7230,Regular
1618,Cody Cole,462-881-6752x5093,Occasional
1619,Denise Brady,001-397-238-1363x3864,Occasional
1620,Kathleen Gardner,(307)541-8011x52290,Seasonal
1621,Patricia Williams,001-927-435-0243x5886,Seasonal
1622,James Smith DDS,208.504.2658,Occasional
1623,Mary Foster,342-482-5649x320,Seasonal
1624,Cheyenne Mcguire,411.437.8727x6392,Regular
1625,Alex Rush,(858)546-0123x3765,Bulk
1626,Darrell Johnson,(990)261-4607,Occasional
1627,Veronica Fleming,491-458-6197x235,Regular
1628,Phillip Jackson,(231)863-9976x316,Occasional
1629,Emily Robinson,001-706-570-8161x0215,Occasional
1630,Nicholas Hicks,001-483-425-7829x1826,Seasonal
1631,Scott Miller,908-274-7667,Bulk
1632,Brenda Adams,001-266-542-9253x274,Occasional
1633,Lori Ross,001-712-544-3372,Occasional
1634,Lisa Crawford,001-789-768-0233x946,Regular
1635,Sheila Wright,+1-665-633-5273x37584,Seasonal
1636,Brittany Cochran,530.587.7902,Seasonal
1637,David Sharp,959-994-7636x82395,Seasonal
1638,Mary Martinez,(660)649-4709x76607,Bulk
1639,Jessica Williams,7868903726,Bulk
1640,Theresa Nunez,001-995-403-1041x9037,Regular
1641,Joseph White,957-674-4162,Seasonal
1642,Thomas Thompson,422-450-2198x606,Occasional
1643,Kristen Barton,+1-320-840-6324x00205,Seasonal
1644,Ryan Gutierrez,+1-447-765-0072,Occasional
1645,Brenda Martin,(879)652-2068,Regular
1646,Danielle Grimes,748.705.7470x7523,Occasional
1647,Jackson Beck,4415121600,Regular
1648,Amy Reed,923-264-0267,Occasional
1649,Denise Cisneros,+1-422-981-4419,Occasional
1650,Curtis Bell,(906)980-8983x6993,Occasional
1651,Nicolas Norris,(847)568-4981,Occasional
1652,Molly Robles,8197675192,Occasional
1653,Bradley Young,215.675.3565,Occasional
1654,John Harper,001-591-263-7361x4642,Regular
1655,Mary Collins,001-957-655-3701x80491,Occasional
1656,Kathleen Kim,918.463.3113x4296,Regular
1657,Aaron Dixon,564-360-3536,Occasional
1658,Deanna Mathis,(748)529-8873x23211,Occasional
1659,James Rose,781.551.9849,Regular
1660,John Brown,(463)312-3900,Seasonal
1661,Mr. Christian Harmon MD,246.743.9855,Bulk
1662,Daniel Peters,001-384-365-5836,Occasional
1663,Joshua Coleman,956.665.8402x8841,Seasonal
1664,Joshua Dudley,+1-467-763-8468x2877,Occasional
1665,Dawn Ryan,001-237-395-7562,Bulk
1666,Manuel Walker,713.216.5939x3804,Bulk
1667,Lisa Meyer,+1-764-601-9952x6000,Regular
1668,Dr. Teresa Dixon,001-949-375-6763x299,Bulk
1669,Joy Gardner,001-840-290-8232x49251,Bulk
1670,Megan Hardy,380-901-1949x061,Occasional
1671,Samuel Moyer,+1-252-355-1440x893,Bulk
1672,Mary Green,419-591-6225x39365,Occasional
1673,Jessica Ramirez,(587)371-9881,Bulk
1674,Matthew Brown,651.201.8308x0542,Occasional
1675,Deanna Holland,248-818-3123x09228,Occasional
1676,Brandi Crane,374-379-8243x5018,Occasional
1677,Leonard Porter,001-805-506-2574x8973,Regular
1678,Susan Sanders,(457)502-9850x10797,Occasional
1679,Kathy Valdez,751-469-5022x61525,Occasional
1680,Christopher Perez,494-699-5193,Occasional
1681,Joshua Walker,+1-353-758-5013x9371,Regular
1682,Anna Coleman,(754)437-7313x62260,Occasional
1683,Jessica Shaw,+1-384-872-9930x75250,Bulk
1684,Frank Chung,981-844-6184x07386,Regular
1685,Pedro Villa,6692239546,Regular
1686,Ryan Jones,614-218-0592,Regular
1687,Jeremy Davila,(526)329-1329x0016,Regular
1688,Crystal Cervantes,756.780.7589x45026,Occasional
1689,Krystal Franco,(230)801-3740x2555,Bulk
1690,Sandra Jacobs,542-415-9504x224,Regular
1691,Robyn Simmons,248.220.7451,Occasional
1692,Joshua Mann,(831)448-7499x856,Occasional
1693,Robert Nichols DVM,203.869.2686x041,Occasional
1694,Melissa Roberts,+1-681-824-8606x5529,Regular
1695,Joseph Clark,208.497.5109x8499,Regular
1696,David Pierce,224.464.9960x28173,Regular
1697,Pamela Osborn,(578)383-1112x96166,Regular
1698,Robert Zimmerman,(500)334-2898x354,Regular
1699,Tiffany Miller,369-624-8052,Occasional
1700,Alexander Soto,249.764.8481,Bulk
1701,Angelica Grant,745.253.8487x94352,Occasional
1702,Todd Lane,001-938-737-6204x504,Bulk
1703,Christine Solis,679.467.9264x1724,Occasional
1704,John Cohen,(725)734-4168,Seasonal
1705,Kelly Johnson,(296)980-8471x229,Seasonal
1706,James Stephens,(442)365-5750,Regular
1707,John Burch,665-754-2775,Occasional
1708,Judith Morse,740-892-3356x835,Seasonal
1709,Taylor Andersen,001-706-230-7251x943,Regular
1710,Emily Mccarthy,(325)287-7461x4448,Regular
1711,Kevin Sexton,601-410-9107x1022,Bulk
1712,Tanya Preston,370-954-4692x8047,Occasional
1713,Rachel Carter,(212)491-5103,Regular
1714,Jennifer Chavez,623.922.2316x4885,Occasional
1715,Brett Larson,001-949-832-1124x960,Bulk
1716,Rodney Smith,(520)768-0339x077,Occasional
1717,Samuel Wade,001-658-987-8757,Bulk
1718,Eric Castro,306-405-1761x3906,Regular
1719,David Stanley,001-356-749-1067x403,Bulk
1720,Ronald Dawson,225.497.5723x919,Occasional
1721,Brian Henson,302.528.0519x306,Bulk
1722,Anna Barr,001-756-301-3829x504,Occasional
1723,Patricia Martin,201-548-4915,Bulk
1724,David Graves,419-803-7214x611,Occasional
1725,Casey Bryant,001-751-845-7812x10877,Regular
1726,Deborah Knight,(410)267-0802,Bulk
1727,Matthew Ross,001-239-206-2724x51193,Occasional
1728,Ms. Maria Dunn MD,001-481-364-4156x99460,Occasional
1729,Christine Thomas,(820)371-6038,Occasional
1730,Mark Holland,229.211.8005x48924,Regular
1731,Michelle Jones,637.304.3553x89994,Occasional
1732,Patricia Davis,+1-397-246-3933x8631,Occasional
1733,Steven Warren,+1-328-880-3249x9543,Occasional
1734,Kathryn Bennett,(620)285-2478x902,Regular
1735,Julie Meyer,001-416-847-2182x52944,Occasional
1736,Laura Harmon,+1-705-714-8130x697,Regular
1737,Devin Lopez,001-727-939-1778x9110,Regular
1738,Alex Roberts,+1-937-407-3106x50954,Bulk
1739,James Mcneil,535.845.7759,Occasional
1740,Mariah Austin MD,001-816-924-7607x49777,Occasional
1741,Brenda Hart,(452)715-7234,Occasional
1742,Richard Petty,001-917-776-9108x37340,Occasional
1743,Johnny Brown,001-708-397-0960x79927,Regular
1744,Steven Ramirez,(440)417-2756x938,Occasional
1745,Jacob Nguyen,223.919.8642x692,Regular
1746,Julie Alexander,+1-444-371-7343x188,Bulk
1747,Joyce Vargas,424-781-3913x5618,Occasional
1748,Connie King,577.744.5082,Occasional
1749,Seth Yates,+1-374-512-6222x860,Bulk
1750,Jessica Medina,(591)522-2542x77662,Occasional
1751,Amber Gallagher,001-376-449-4423x10980,Occasional
1752,Tammy Thomas,766.302.3408,Seasonal
1753,Daniel Thornton,695.573.8233x179,Occasional
1754,Katelyn Wilson,556-273-7226x46422,Bulk
1755,Mary Dalton,+1-916-814-6334x386,Occasional
1756,Allen Meza,758.937.2215,Regular
1757,Jean Hansen,661.379.8122x6457,Regular
1758,Rebecca Shaw,215.596.1673,Occasional
1759,Joshua Edwards,(851)458-5330x51812,Seasonal
1760,Michelle Haynes,(389)473-4232,Seasonal
1761,April Moore,+1-778-880-8730x142,Bulk
1762,Meredith Allen,(839)774-3376,Occasional
1763,Nathan Lane,001-412-924-4079x957,Bulk
1764,David Miller,582-894-6305x217,Bulk
1765,Brian Shaffer,(602)594-4843x88462,Occasional
1766,Dennis Campbell,001-795-287-5409x3681,Regular
1767,Brandon Joyce,820.469.2684x0348,Occasional
1768,Megan Rice,481-428-2196x31396,Occasional
1769,Courtney Andersen,(880)438-3117,Regular
1770,Ryan Campbell,566.967.5752x6241,Occasional
1771,Wendy Christensen,505-692-1442,Regular
1772,Teresa Jackson,858-566-0995,Regular
1773,Morgan James,001-285-232-0334x9846,Regular
1774,Joseph Ballard,4675510992,Bulk
1775,Bryan Wheeler,(264)578-3830,Occasional
1776,Jacob Bennett,310-283-8375x098,Occasional
1777,Susan Davis,+1-712-373-3099,Bulk
1778,Joshua Miller,(827)782-2188x10112,Seasonal
1779,Monica Harris,367.732.2307x818,Occasional
1780,Jonathan Kline,+1-694-618-7941x55292,Occasional
1781,Rhonda Sherman,797-943-0575x5769,Occasional
1782,Kaitlin Smith,001-986-558-9391x9926,Occasional
1783,Connor Warner,592-252-4144x2524,Bulk
1784,James Wong,+1-414-898-2319x9922,Regular
1785,Michael Stephens,001-998-779-5310x176,Occasional
1786,Alexis Pearson,443.921.5132x84231,Occasional
1787,Kyle Myers,915.790.0029x76598,Occasional
1788,Marilyn Davis,+1-282-655-7065x7480,Bulk
1789,Steven Barnett,001-657-933-3708,Regular
1790,Colton Watts,+1-370-663-0666x086,Regular
1791,Calvin Mcdaniel,001-416-777-7388,Regular
1792,Luke Castro,+1-458-768-4229x8685,Occasional
1793,Rebecca Howard,9403097911,Regular
1794,Michael Davis,676-925-4133x1115,Occasional
1795,Kathy Goodman DDS,+1-233-293-8983x220,Occasional
1796,Timothy Barker,(910)299-5064x047,Regular
1797,Mary Moreno,375.941.5571x08832,Occasional
1798,Jennifer Morgan,528-659-9976x7420,Occasional
1799,Jeffery Patel,598-634-3349x1686,Regular
1800,Bobby Johnson MD,377-732-5568x2928,Bulk
1801,Angel Newton,639-595-0679x3080,Bulk
1802,Mrs. Mary Kelly,855.491.8240x388,Occasional
1803,Christopher Mason,580-867-5563x516,Occasional
1804,Kaitlin Smith,806.253.0401x425,Regular
1805,Lindsey Webster,001-274-586-8736x5947,Occasional
1806,Eric Kelly,001-474-208-5365x3976,Seasonal
1807,Michelle Jones,(393)820-4963,Occasional
1808,Theresa Brooks,(332)268-6975,Bulk
1809,Ryan Olson,8463984821,Regular
1810,Jennifer Johnson,+1-730-357-4506x6879,Seasonal
1811,Adam Reyes,784-793-5608,Regular
1812,Denise Johnson DVM,(552)623-4628,Occasional
1813,Kenneth Austin,001-324-225-8300,Bulk
1814,Jamie Dawson,001-405-681-7828x145,Occasional
1815,Micheal Fowler,804.752.9173,Occasional
1816,Stephanie Barron,001-734-712-9268,Regular
1817,Molly Poole,302-311-2283x81834,Bulk
1818,Mary Lester,2749523261,Occasional
1819,Rachel Johnson,608.713.7101,Occasional
1820,Kirsten Montoya,477.677.1645x546,Regular
1821,Lisa Newman,(726)732-0429x532,Occasional
1822,Kelly Molina,(682)217-0355x34092,Occasional
1823,Adrienne Davis,(690)338-6842,Occasional
1824,Bryan Watkins,498-743-1649x009,Occasional
1825,Jordan Wiggins,(469)546-7082,Bulk
1826,Brandon Chavez,001-889-864-9634x55410,Regular
1827,Brenda West,(339)984-5144x3152,Regular
1828,Zachary Becker,372-486-8733x824,Regular
1829,Nathan Roberts,673-760-1338x21968,Occasional
1830,Vanessa Davis,001-581-653-6991x106,Occasional
1831,Brett Atkinson,486-289-3463x4953,Bulk
1832,Jennifer Miller,444-272-7329x64138,Seasonal
1833,Regina Ramsey,604-486-8651,Regular
1834,Anthony Ballard,(723)452-3607x792,Occasional
1835,Christopher Castillo,4733975723,Bulk
1836,Tyler Pope,883-377-0461,Regular
1837,Jennifer Murray,674.644.8703x1052,Occasional
1838,Ronald Miller,794.280.4339,Regular
1839,Nicholas Rivera,293.958.1859x355,Regular
1840,Olivia Ryan,001-322-639-5183x605,Regular
1841,Joseph Dunn,+1-442-849-0586x30662,Occasional
1842,Alicia Pratt,324.887.6895,Occasional
1843,Stephanie Lyons,+1-229-693-4406x007,Occasional
1844,Jose Wilson,(832)760-8662x5470,Regular
1845,Travis Lewis,396.472.6622x7570,Occasional
1846,Todd Walton,(561)582-9536x17353,Occasional
1847,Ashley Wolfe,001-454-929-9498x36178,Regular
1848,Victoria Austin,+1-977-263-9514x86177,Occasional
1849,Theresa Gill,423-314-6045,Bulk
1850,Shelly Hudson,+1-481-493-3008,Regular
1851,Katie Greene,001-417-865-2107x0268,Bulk
1852,Jonathan Huff,(365)234-1682x21111,Bulk
1853,Miss Danielle Rose,363-737-2332x667,Occasional
1854,Veronica Dickerson,267-265-9612x761,Regular
1855,Tony Bentley,456.439.5294x2344,Occasional
1856,Kathleen Franco,728.522.0398x672,Seasonal
1857,Renee Brewer,6978238911,Occasional
1858,Rachel Nelson,+1-896-945-3680x52319,Seasonal
1859,Michelle Young,964.393.5879x82417,Bulk
1860,Michael Hayes,+1-659-718-5584,Seasonal
1861,Michael Burns,658-365-6747,Regular
1862,Robert Harper,001-590-901-7533x685,Regular
1863,Mrs. Dawn Hernandez,611-575-5366,Occasional
1864,Ronald Brown,001-539-298-2776,Occasional
1865,Sheila Boyd,+1-495-962-0119x24609,Occasional
1866,David Graham,(357)312-1232,Seasonal
1867,Daniel Walker,+1-716-295-3946x427,Seasonal
1868,Joseph Duncan,001-548-916-7628,Occasional
1869,Matthew Wade,761.850.7433x2234,Seasonal
1870,Kevin Woods,001-879-524-8410x8688,Regular
1871,Lisa Morales,001-863-488-5736x6268,Regular
1872,Kayla Wilson,(832)337-5115x0333,Regular
1873,Lori Jacobson,(661)388-6809x70197,Bulk
1874,Jeffrey Smith,968-996-7099,Regular
1875,Virginia Harrington,796.831.1448,Regular
1876,Kelly Pruitt,(782)656-7843,Regular
1877,James Gallagher,330.793.9674x0345,Occasional
1878,Carl Tran,213.807.7012,Regular
1879,Crystal Johnson,+1-696-842-1386x4492,Occasional
1880,Mr. David Solomon DDS,(415)623-6439x64110,Regular
1881,Michael Turner,400.543.1477,Regular
1882,Sarah Farley,277-204-0042x788,Occasional
1883,Nathan Martinez,(480)916-3028x661,Regular
1884,Mrs. Tina Briggs,+1-740-312-3562x491,Occasional
1885,Courtney Beck,001-487-926-7149,Occasional
1886,Theresa Jackson,566-472-4615,Bulk
1887,Jenna Cantu,001-993-626-6318x47497,Regular
1888,Jeremy Santana,+1-475-373-3509x5182,Regular
1889,Christopher Carroll,+1-242-248-8212x529,Regular
1890,Bryan Anderson,514.738.9937x4721,Occasional
1891,Joshua Liu,001-919-763-9316x4570,Occasional
1892,Brittany Rice,556.708.9703,Regular
1893,Michele Lewis,740-307-5212,Occasional
1894,Jenny Lane,730.231.3623,Regular
1895,Valerie Smith,438-699-8813x3035,Regular
1896,Ashley Hill,2983009539,Occasional
1897,Rachel Rollins,(502)919-7357,Occasional
1898,Jacob Nunez,001-608-646-9872x7455,Bulk
1899,William Smith MD,966-648-5040x379,Regular
1900,Alison Kaufman,001-516-408-3167,Regular
1901,Brandon Zamora,240-935-1457x4412,Occasional
1902,Shawn Hayes,837-606-2510,Bulk
1903,Frank Cook,832-767-0855x661,Occasional
1904,James Walker,001-655-564-2499,Bulk
1905,Shelby Salinas,001-341-685-1381x3158,Occasional
1906,Jeffrey Hernandez,(421)593-0179,Occasional
1907,Melinda Patel,322.680.4049x92660,Regular
1908,Bruce Miller,(319)784-1654x7607,Occasional
1909,Patricia Martinez,+1-721-715-1633x4803,Regular
1910,Bridget West,282-590-2463x5903,Occasional
1911,Kevin Garner,+1-514-511-4816x20505,Bulk
1912,Miranda Bright,634.382.7724,Occasional
1913,Christian Frazier,882-358-6828,Occasional
1914,Daisy Lane,268.542.8237x30914,Occasional
1915,Alicia Johnson,400.343.5567x0769,Regular
1916,Laura Maldonado,905-593-3399x802,Regular
1917,Vicki Rose,001-965-393-0940x6656,Occasional
1918,Jonathan Warren,956.400.6457,Seasonal
1919,Lydia Cruz,600.872.3277x5764,Seasonal
1920,Debra Mann,955-918-7036x065,Seasonal
1921,Wesley Jones,+1-584-748-8731x4461,Seasonal
1922,Kurt Bates,616.386.8344x9401,Bulk
1923,Timothy Hall,275.214.4275x618,Occasional
1924,Angela Crawford,2449580102,Bulk
1925,Thomas Valenzuela,(357)407-0477,Occasional
1926,Rachel Cherry,753-623-2584x23736,Regular
1927,Michael Johnson,+1-208-592-7504,Occasional
1928,Katherine Bell,001-699-476-3163,Occasional
1929,Rachel Ray,404-233-8694,Regular
1930,Sabrina Clark,758.463.0401x425,Regular
1931,Anne Khan,(976)397-2561x35804,Occasional
1932,Michelle Gonzalez,+1-994-717-2862x570,Bulk
1933,William Jackson,779-333-1410x1413,Regular
1934,Jonathan Singleton Jr.,+1-911-221-5495,Bulk
1935,Beverly Ramirez,424-994-9706,Bulk
1936,Jessica Wagner,266.930.4657x9842,Regular
1937,Jerome Wilson,800-536-9363x94306,Occasional
1938,Jason Berg,+1-783-382-6758x17039,Occasional
1939,Jennifer Levy,937.687.1747,Regular
1940,Ashley Rivera,001-603-483-6141,Regular
1941,Kelly Williams,826-822-5823,Regular
1942,Tara Calhoun,8224534727,Regular
1943,Mr. Dustin Thompson Jr.,974.214.4408x99947,Bulk
1944,Jeremy Joseph,001-612-364-8247x761,Occasional
1945,Jennifer Hoffman,001-915-886-6856,Bulk
1946,Brent Woodard,001-756-541-3734x2617,Occasional
1947,Ashley Hernandez,+1-414-548-8355x8759,Bulk
1948,Terri Thomas,(809)549-8846,Occasional
1949,Sandra Green,(842)692-3627,Bulk
1950,Michael Murphy,(224)449-1745x138,Bulk
1951,Tyler Patel,001-501-305-4110x977,Bulk
1952,Antonio Gardner,635-697-9795,Regular
1953,Nicole Ramirez,001-921-799-3237,Bulk
1954,Katherine Smith,(607)244-0556x007,Occasional
1955,Michele Warner,001-524-207-4850x85048,Regular
1956,Brittany Hall,607.593.4052x0426,Bulk
1957,Joshua Castaneda,547-935-6409,Bulk
1958,Kaitlyn Griffith,831-342-3701,Occasional
1959,John Vasquez,413-482-0599x30739,Seasonal
1960,Clayton Atkinson,001-590-508-9633,Occasional
1961,Megan Cherry,(384)244-1131,Occasional
1962,Michael Brown,936-649-0610,Occasional
1963,Julie Garcia,9634941369,Bulk
1964,Melissa Rivera,301.716.3412,Regular
1965,Thomas Cruz,4082420475,Regular
1966,Haley Oconnor,(896)728-4514x377,Regular
1967,Teresa James,+1-774-257-2314x680,Occasional
1968,Thomas Brooks,334-220-1425x33171,Occasional
1969,Melissa Williams,001-485-483-1399x233,Occasional
1970,Lee Henry,576-943-6641,Regular
1971,Michele Williams,923.797.4130x04131,Occasional
1972,Jerry Garrett,+1-710-576-9459,Bulk
1973,Kimberly Petersen,723.641.5340x852,Bulk
1974,Cameron Dillon,001-596-223-3981x4542,Bulk
1975,Pamela Lewis,(386)441-3941,Regular
1976,George Bush,954-648-7974,Bulk
1977,Brittany Juarez DVM,824.260.9595,Regular
1978,Mark Larson,259-576-6209x1004,Seasonal
1979,Jordan Pham,(408)551-7774x971,Regular
1980,Alec Webster,+1-984-984-7353x96797,Regular
1981,Lance Johnson,001-273-406-3561x881,Occasional
1982,Mathew Rodriguez,001-850-311-4546,Bulk
1983,Monique Brooks,+1-995-709-2442x2742,Bulk
1984,Chad Kent,3638977783,Occasional
1985,Beverly Cole,(935)685-9407x9993,Bulk
1986,Mark Hull,+1-286-886-6574x633,Regular
1987,Jodi Spencer,(480)651-2237,Seasonal
1988,Melissa Flores,001-908-325-8932x51022,Seasonal
1989,Gerald Hernandez,001-880-946-1116x42568,Occasional
1990,Patrick Gonzalez,931-924-6635x14249,Occasional
1991,Emily Moore,(250)561-0002x9736,Occasional
1992,Katelyn Oconnell,(586)392-0005x46286,Regular
1993,Nicholas Mcfarland,4974503731,Regular
1994,Michele Hill,772.930.1882x975,Regular
1995,Raymond Martinez,001-876-411-9278,Seasonal
1996,Cynthia Graves,+1-493-752-4642,Regular
1997,Dr. Adam Campbell DDS,430.937.2373x718,Occasional
1998,Mary Henderson,751.219.6902,Occasional
1999,Jennifer Espinoza,530.436.1555x1464,Occasional
2000,Amber Young,5895336260,Regular
